CY,Code,Year,Country,Bud,Christ,Folk,Hindu,Jew,Mus,Other,Un
AFG_2010,AFG,2010,Afghanistan,0,0,0,0,0,1,0,0
ALB_2010,ALB,2010,Albania,0,0.180541625,0,0,0,0.805416249,0,0.014042126
DZA_2010,DZA,2010,Algeria,0,0,0,0,0,0.981945838,0,0.018054162
ASM_2010,ASM,2010,American Samoa,0,1,0,0,0,0,0,0
AND_2010,AND,2010,Andorra,0,0.910478128,0,0,0,0,0,0.089521872
AGO_2010,AGO,2010,Angola,0,0.906813627,0.042084168,0,0,0,0,0.051102204
AIA_2010,AIA,2010,Anguilla,0,0.914228052,0.02926337,0,0,0,0.016145308,0.040363269
ATG_2010,ATG,2010,Antigua and Barbuda,0,0.946083418,0.036622584,0,0,0,0,0.017293998
ARG_2010,ARG,2010,Argentina,0,0.865853659,0,0,0,0.010162602,0,0.12398374
ARM_2010,ARM,2010,Armenia,0,0.986973948,0,0,0,0,0,0.013026052
ABW_2010,ABW,2010,Aruba,0,0.92641129,0.013104839,0,0,0,0,0.060483871
AUS_2010,AUS,2010,Australia,0.02755102,0.686734694,0,0.014285714,0,0.024489796,0,0.246938776
AUT_2010,AUT,2010,Austria,0,0.809667674,0,0,0,0.054380665,0,0.135951662
AZE_2010,AZE,2010,Azerbaijan,0,0.03003003,0,0,0,0.96996997,0,0
BHS_2010,BHS,2010,Bahamas,0,0.968718466,0,0,0,0,0,0.031281534
BHR_2010,BHR,2010,Bahrain,0.025252525,0.146464646,0,0.098989899,0,0.71010101,0,0.019191919
BGD_2010,BGD,2010,Bangladesh,0,0,0,0.085945399,0,0.914054601,0,0
BRB_2010,BRB,2010,Barbados,0,0.966497462,0,0,0,0,0.014213198,0.01928934
BLR_2010,BLR,2010,Belarus,0,0.713426854,0,0,0,0,0,0.286573146
BEL_2010,BEL,2010,Belgium,0,0.647830474,0,0,0,0.059535822,0,0.292633703
BLZ_2010,BLZ,2010,Belize,0,0.884848485,0.015151515,0,0.01010101,0,0,0.08989899
BEN_2010,BEN,2010,Benin,0,0.530530531,0.181181181,0,0,0.238238238,0,0.05005005
BMU_2010,BMU,2010,Bermuda,0,0.76142132,0.030456853,0,0,0.011167513,0,0.196954315
BTN_2010,BTN,2010,Bhutan,0.753024194,0,0.019153226,0.227822581,0,0,0,0
BOL_2010,BOL,2010,Bolivia,0,0.948484848,0,0,0,0,0.01010101,0.041414141
BIH_2010,BIH,2010,Bosnia-Herzegovina,0,0.523,0,0,0,0.452,0,0.025
BWA_2010,BWA,2010,Botswana,0,0.730496454,0.060790274,0,0,0,0,0.208713273
BRA_2010,BRA,2010,Brazil,0,0.892570281,0.02811245,0,0,0,0,0.079317269
VGB_2010,VGB,2010,British Virgin Islands,0,0.851814516,0.084677419,0.012096774,0,0.012096774,0,0.039314516
BRN_2010,BRN,2010,Brunei,0.086606244,0.094662638,0.062437059,0,0,0.756294058,0,0
BGR_2010,BGR,2010,Bulgaria,0,0.821,0,0,0,0.137,0,0.042
BFA_2010,BFA,2010,Burkina Faso,0,0.226130653,0.154773869,0,0,0.619095477,0,0
BDI_2010,BDI,2010,Burundi,0,0.915,0.057,0,0,0.028,0,0
KHM_2010,KHM,2010,Cambodia,0.979777553,0,0,0,0,0.020222447,0,0
CMR_2010,CMR,2010,Cameroon,0,0.703703704,0.033033033,0,0,0.183183183,0.027027027,0.053053053
CAN_2010,CAN,2010,Canada,0,0.701219512,0.012195122,0.014227642,0.010162602,0.021341463,0,0.240853659
CPV_2010,CPV,2010,Cape Verde,0,0.893681043,0.015045135,0,0,0,0,0.091273821
CYM_2010,CYM,2010,Cayman Islands,0,0.857289528,0.046201232,0,0,0,0,0.09650924
CAF_2010,CAF,2010,Central African Republic,0,0.895,0.01,0,0,0.085,0,0.01
TCD_2010,TCD,2010,Chad,0,0.406813627,0.014028056,0,0,0.554108216,0,0.0250501
CHA_2010,CHA,2010,Channel Islands,0,0.857142857,0,0,0,0,0,0.142857143
CHL_2010,CHL,2010,Chile,0,0.898492462,0.015075377,0,0,0,0,0.086432161
CHN_2010,CHN,2010,China,0.183467742,0.05141129,0.220766129,0,0,0.018145161,0,0.526209677
COL_2010,COL,2010,Colombia,0,0.933400605,0,0,0,0,0,0.066599395
COM_2010,COM,2010,Comoros,0,0,0,0,0,1,0,0
COG_2010,COG,2010,Republic of the Congo,0,0.859,0.028,0,0,0.012,0.011,0.09
COD_2010,COD,2010,Democratic Republic of the Congo,0,0.966700303,0,0,0,0.015136226,0,0.018163471
COK_2010,COK,2010,Cook Islands,0,0.967741935,0,0,0,0,0,0.032258065
CRI_2010,CRI,2010,Costa Rica,0,0.920040486,0,0,0,0,0,0.079959514
CIV_2010,CIV,2010,Ivory Coast,0,0.441883768,0.102204409,0,0,0.375751503,0,0.080160321
HRV_2010,HRV,2010,Croatia,0,0.934934935,0,0,0,0.014014014,0,0.051051051
CUB_2010,CUB,2010,Cuba,0,0.59437751,0.174698795,0,0,0,0,0.230923695
CYP_2010,CYP,2010,Cyprus,0,0.734202608,0,0,0,0.253761284,0,0.012036108
CZE_2010,CZE,2010,Czech Republic,0,0.233701103,0,0,0,0,0,0.766298897
DNK_2010,DNK,2010,Denmark,0,0.840040241,0,0,0,0.041247485,0,0.118712274
DJI_2010,DJI,2010,Djibouti,0,0.023185484,0,0,0,0.976814516,0,0
DMA_2010,DMA,2010,Dominica,0,0.952573158,0.030272452,0,0,0,0.01715439,0
DOM_2010,DOM,2010,Dominican Republic,0,0.889787664,0,0,0,0,0,0.110212336
ECU_2010,ECU,2010,Ecuador,0,0.944779116,0,0,0,0,0,0.055220884
EGY_2010,EGY,2010,Egypt,0,0.051,0,0,0,0.949,0,0
SLV_2010,SLV,2010,El Salvador,0,0.889112903,0,0,0,0,0,0.110887097
GNQ_2010,GNQ,2010,Equatorial Guinea,0,0.892354125,0.017102616,0,0,0.040241449,0,0.050301811
ERI_2010,ERI,2010,Eritrea,0,0.632160804,0,0,0,0.367839196,0,0
EST_2010,EST,2010,Estonia,0,0.401005025,0,0,0,0,0,0.598994975
ETH_2010,ETH,2010,Ethiopia,0,0.628,0.026,0,0,0.346,0,0
FRO_2010,FRO,2010,Faeroe Islands,0,0.982948847,0,0,0,0,0,0.017051153
FLK_2010,FLK,2010,Falkland Islands (Malvinas),0,0.680851064,0,0,0,0,0,0.319148936
FJI_2010,FJI,2010,Fiji,0,0.653144016,0,0.28296146,0,0.063894523,0,0
FIN_2010,FIN,2010,Finland,0,0.807459677,0,0,0,0,0,0.192540323
FRA_2010,FRA,2010,France,0,0.639593909,0,0,0,0.076142132,0,0.284263959
GUF_2010,GUF,2010,French Guiana,0,0.856852792,0.092385787,0.016243655,0,0,0,0.034517766
PYF_2010,PYF,2010,French Polynesia,0,0.950455005,0,0,0,0,0,0.049544995
GAB_2010,GAB,2010,Gabon,0,0.770392749,0.060422961,0,0,0.112789527,0,0.056394763
GMB_2010,GMB,2010,Gambia,0,0.045180723,0,0,0,0.954819277,0,0
GEO_2010,GEO,2010,Georgia,0,0.892137097,0,0,0,0.107862903,0,0
DEU_2010,DEU,2010,Germany,0,0.692540323,0,0,0,0.058467742,0,0.248991935
GHA_2010,GHA,2010,Ghana,0,0.750501002,0.049098196,0,0,0.158316633,0,0.042084168
GIB_2010,GIB,2010,Gibraltar,0,0.891566265,0,0.018072289,0.021084337,0.040160643,0,0.029116466
GRC_2010,GRC,2010,Greece,0,0.885427136,0,0,0,0.053266332,0,0.061306533
GRL_2010,GRL,2010,Greenland,0,0.97464503,0,0,0,0,0,0.02535497
GRD_2010,GRD,2010,Grenada,0,0.986721144,0.013278856,0,0,0,0,0
GLP_2010,GLP,2010,Guadeloupe,0,0.974593496,0,0,0,0,0,0.025406504
GUM_2010,GUM,2010,Guam,0.010989011,0.941058941,0.014985015,0,0,0,0.015984016,0.016983017
GTM_2010,GTM,2010,Guatemala,0,0.958710977,0,0,0,0,0,0.041289023
GIN_2010,GIN,2010,Guinea,0,0.109218437,0.027054108,0,0,0.845691383,0,0.018036072
GNB_2010,GNB,2010,Guinea-Bissau,0,0.197,0.309,0,0,0.451,0,0.043
GUY_2010,GUY,2010,Guyana,0,0.664652568,0,0.250755287,0,0.064451158,0,0.020140987
HTI_2010,HTI,2010,Haiti,0,0.871614845,0.022066199,0,0,0,0,0.106318957
VAT_2010,VAT,2010,Vatican City,0,1,0,0,0,0,0,0
HND_2010,HND,2010,Honduras,0,0.883064516,0.01108871,0,0,0,0,0.105846774
HKG_2010,HKG,2010,Hong Kong,0.132397192,0.143430291,0.128385155,0,0,0.018054162,0.015045135,0.562688064
HUN_2010,HUN,2010,Hungary,0,0.813253012,0,0,0,0,0,0.186746988
ISL_2010,ISL,2010,Iceland,0,0.964467005,0,0,0,0,0,0.035532995
IND_2010,IND,2010,India,0,0.025329281,0,0.805471125,0,0.145896657,0.023302938,0
IDN_2010,IDN,2010,Indonesia,0,0.100202429,0,0.017206478,0,0.882591093,0,0
IRN_2010,IRN,2010,Iran,0,0,0,0,0,1,0,0
IRQ_2010,IRQ,2010,Iraq,0,0,0,0,0,1,0,0
IRL_2010,IRL,2010,Ireland,0,0.926485398,0,0,0,0.011077543,0,0.062437059
IMN_2010,IMN,2010,Isle of Man,0,0.845226131,0,0,0,0,0,0.154773869
ISR_2010,ISR,2010,Israel,0,0.020140987,0,0,0.761329305,0.187311178,0,0.03121853
ITA_2010,ITA,2010,Italy,0,0.838028169,0,0,0,0.03722334,0,0.124748491
JAM_2010,JAM,2010,Jamaica,0,0.780586451,0.045500506,0,0,0,0,0.173913043
JPN_2010,JPN,2010,Japan,0.363819095,0.016080402,0,0,0,0,0.047236181,0.572864322
JOR_2010,JOR,2010,Jordan,0,0.022132797,0,0,0,0.977867203,0,0
KAZ_2010,KAZ,2010,Kazakhstan,0,0.248741188,0,0,0,0.708962739,0,0.042296073
KEN_2010,KEN,2010,Kenya,0,0.848848849,0.017017017,0,0,0.097097097,0.012012012,0.025025025
KIR_2010,KIR,2010,Kiribati,0,0.977822581,0,0,0,0,0.022177419,0
XKX_2010,XKX,2010,Kosovo,0,0.061061061,0,0,0,0.938938939,0,0
KWT_2010,KWT,2010,Kuwait,0.028084253,0.143430291,0,0.085255767,0,0.743229689,0,0
KGZ_2010,KGZ,2010,Kyrgyzstan,0,0.114688129,0,0,0,0.885311871,0,0
LAO_2010,LAO,2010,Laos,0.67209776,0.015274949,0.312627291,0,0,0,0,0
LVA_2010,LVA,2010,Latvia,0,0.560240964,0,0,0,0,0,0.439759036
LBN_2010,LBN,2010,Lebanon,0,0.384538153,0,0,0,0.615461847,0,0
LSO_2010,LSO,2010,Lesotho,0,0.968968969,0,0,0,0,0,0.031031031
LBR_2010,LBR,2010,Liberia,0,0.865055388,0,0,0,0.120845921,0,0.014098691
LBY_2010,LBY,2010,Libya,0,0.027190332,0,0,0,0.972809668,0,0
LIE_2010,LIE,2010,Liechtenstein,0,0.920841683,0,0,0,0.0501002,0,0.029058116
LTU_2010,LTU,2010,Lithuania,0,0.899799599,0,0,0,0,0,0.100200401
LUX_2010,LUX,2010,Luxembourg,0,0.707537688,0,0,0,0.023115578,0,0.269346734
MAC_2010,MAC,2010,Macau,0.175101215,0.072874494,0.596153846,0,0,0,0,0.155870445
MKD_2010,MKD,2010,Republic of Macedonia,0,0.593,0,0,0,0.393,0,0.014
MDG_2010,MDG,2010,Madagascar,0,0.8555667,0.045135406,0,0,0.030090271,0,0.069207623
MWI_2010,MWI,2010,Malawi,0,0.827827828,0.017017017,0,0,0.13013013,0,0.025025025
MYS_2010,MYS,2010,Malaysia,0.178607467,0.094853683,0.02320888,0.060544904,0,0.642785066,0,0
MDV_2010,MDV,2010,Maldives,0,0,0,0,0,1,0,0
MLI_2010,MLI,2010,Mali,0,0.024120603,0.027135678,0,0,0.948743719,0,0
MLT_2010,MLT,2010,Malta,0,0.974874372,0,0,0,0,0,0.025125628
MHL_2010,MHL,2010,Marshall Islands,0,0.984848485,0,0,0,0,0,0.015151515
MTQ_2010,MTQ,2010,Martinique,0,0.976720648,0,0,0,0,0,0.023279352
MRT_2010,MRT,2010,Mauritania,0,0,0,0,0,1,0,0
MUS_2010,MUS,2010,Mauritius,0,0.331979695,0,0.492385787,0,0.175634518,0,0
MYT_2010,MYT,2010,Mayotte,0,0,0,0,0,1,0,0
MEX_2010,MEX,2010,Mexico,0,0.952905812,0,0,0,0,0,0.047094188
FSM_2010,FSM,2010,Federated States of Micronesia,0,0.97244898,0.02755102,0,0,0,0,0
MDA_2010,MDA,2010,Moldova,0,0.98582996,0,0,0,0,0,0.01417004
MCO_2010,MCO,2010,Monaco,0,0.865191147,0,0,0.017102616,0,0,0.117706237
MNG_2010,MNG,2010,Mongolia,0.551,0.023,0.035,0,0,0.032,0,0.359
MNE_2010,MNE,2010,Montenegro,0,0.781,0,0,0,0.187,0,0.032
MSR_2010,MSR,2010,Montserrat,0,0.936873747,0,0,0,0,0.01503006,0.048096192
MAR_2010,MAR,2010,Morocco,0,0,0,0,0,1,0,0
MOZ_2010,MOZ,2010,Mozambique,0,0.567,0.074,0,0,0.18,0,0.179
MMR_2010,MMR,2010,Burma (Myanmar),0.80583501,0.078470825,0.058350101,0.017102616,0,0.040241449,0,0
NAM_2010,NAM,2010,Namibia,0,0.980885312,0,0,0,0,0,0.019114688
NRU_2010,NRU,2010,Nauru,0.010989011,0.789210789,0.080919081,0,0,0,0.073926074,0.044955045
NPL_2010,NPL,2010,Nepal,0.103726083,0,0.037260826,0.812688822,0,0.04632427,0,0
NLD_2010,NLD,2010,Netherlands,0,0.51266464,0,0,0,0.060790274,0,0.426545086
NCL_2010,NCL,2010,New Caledonia,0,0.865853659,0,0,0,0.028455285,0,0.105691057
NZL_2010,NZL,2010,New Zealand,0.016243655,0.578680203,0,0.021319797,0,0.012182741,0,0.371573604
NIC_2010,NIC,2010,Nicaragua,0,0.860581745,0.014042126,0,0,0,0,0.125376128
NER_2010,NER,2010,Niger,0,0,0,0,0,1,0,0
NGA_2010,NGA,2010,Nigeria,0,0.495477387,0.014070352,0,0,0.490452261,0,0
NIU_2010,NIU,2010,Niue,0,0.966900702,0,0,0,0,0,0.033099298
PRK_2010,PRK,2010,North Korea,0.015,0.02,0.123,0,0,0,0.129,0.713
MNP_2010,MNP,2010,Northern Mariana Islands,0.106747231,0.818731118,0.053373615,0,0,0,0.011077543,0.010070493
NOR_2010,NOR,2010,Norway,0,0.859898477,0,0,0,0.037563452,0,0.102538071
OMN_2010,OMN,2010,Oman,0,0.065722952,0,0.055611729,0,0.868554095,0.010111223,0
PAK_2010,PAK,2010,Pakistan,0,0.016016016,0,0.019019019,0,0.964964965,0,0
PLW_2010,PLW,2010,Palau,0,0.881993896,0,0,0,0,0.105798576,0.012207528
PSE_2010,PSE,2010,Palestinian territories,0,0.024,0,0,0,0.976,0,0
PAN_2010,PAN,2010,Panama,0,0.950920245,0,0,0,0,0,0.049079755
PNG_2010,PNG,2010,Papua New Guinea,0,1,0,0,0,0,0,0
PRY_2010,PRY,2010,Paraguay,0,0.971915747,0.017051153,0,0,0,0,0.011033099
PER_2010,PER,2010,Peru,0,0.969543147,0,0,0,0,0,0.030456853
PHL_2010,PHL,2010,Philippines,0,0.929718876,0.015060241,0,0,0.055220884,0,0
POL_2010,POL,2010,Poland,0,0.943943944,0,0,0,0,0,0.056056056
PRT_2010,PRT,2010,Portugal,0,0.924547284,0,0,0,0,0,0.075452716
PRI_2010,PRI,2010,Puerto Rico,0,0.980730223,0,0,0,0,0,0.019269777
QAT_2010,QAT,2010,Qatar,0.031504065,0.140243902,0,0.140243902,0,0.68800813,0,0
REU_2010,REU,2010,Reunion,0,0.881287726,0,0.04527163,0,0.042253521,0.011066398,0.020120724
ROU_2010,ROU,2010,Romania,0,1,0,0,0,0,0,0
RUS_2010,RUS,2010,Russia,0,0.736683417,0,0,0,0.100502513,0,0.16281407
RWA_2010,RWA,2010,Rwanda,0,0.94534413,0,0,0,0.018218623,0,0.036437247
SHN_2010,SHN,2010,St. Helena,0,0.966933868,0,0,0,0,0,0.033066132
KNA_2010,KNA,2010,St. Kitts and Nevis,0,0.955555556,0.013131313,0.015151515,0,0,0,0.016161616
LCA_2010,LCA,2010,St. Lucia,0,0.919273461,0,0,0,0,0.020181635,0.060544904
SPM_2010,SPM,2010,St. Pierre and Miquelon,0,0.948897796,0,0,0,0,0.013026052,0.038076152
VCT_2010,VCT,2010,St. Vincent and the Grenadines,0,0.886113886,0.01998002,0.033966034,0,0.014985015,0.01998002,0.024975025
WSM_2010,WSM,2010,Samoa,0,0.974823766,0,0,0,0,0,0.025176234
SMR_2010,SMR,2010,San Marino,0,0.927125506,0,0,0,0,0,0.072874494
STP_2010,STP,2010,Sao Tome and Principe,0,0.821178821,0.028971029,0,0,0,0.023976024,0.125874126
SAU_2010,SAU,2010,Saudi Arabia,0,0.044670051,0,0.011167513,0,0.944162437,0,0
SEN_2010,SEN,2010,Senegal,0,0.036,0,0,0,0.964,0,0
SRB_2010,SRB,2010,Serbia,0,0.926,0,0,0,0.041,0,0.033
SYC_2010,SYC,2010,Seychelles,0,0.946626385,0,0.021148036,0,0.011077543,0,0.021148036
SLE_2010,SLE,2010,Sierra Leone,0,0.21132457,0,0,0,0.78867543,0,0
SGP_2010,SGP,2010,Singapore,0.339,0.182,0.023,0.052,0,0.143,0.097,0.164
SVK_2010,SVK,2010,Slovakia,0,0.856425703,0,0,0,0,0,0.143574297
SVN_2010,SVN,2010,Slovenia,0,0.784,0,0,0,0.036,0,0.18
SLB_2010,SLB,2010,Solomon Islands,0,0.986828774,0.013171226,0,0,0,0,0
SOM_2010,SOM,2010,Somalia,0,0,0,0,0,1,0,0
ZAF_2010,ZAF,2010,South Africa,0,0.821031345,0,0.011122346,0,0.01718908,0,0.15065723
KOR_2010,KOR,2010,South Korea,0.232016211,0.29787234,0,0,0,0,0,0.470111449
ESP_2010,ESP,2010,Spain,0,0.788365095,0,0,0,0.02106319,0,0.190571715
LKA_2010,LKA,2010,Sri Lanka,0.693,0.073,0,0.136,0,0.098,0,0
SDN_2010,SDN,2010,Sudan,0,0.054054054,0.028028028,0,0,0.907907908,0,0.01001001
SUR_2010,SUR,2010,Suriname,0,0.520686176,0.053481332,0.199798184,0,0.153380424,0.018163471,0.054490414
SWZ_2010,SWZ,2010,Swaziland,0,0.888104839,0.010080645,0,0,0,0,0.101814516
SWE_2010,SWE,2010,Sweden,0,0.680161943,0,0,0,0.046558704,0,0.273279352
CHE_2010,CHE,2010,Switzerland,0,0.738071066,0,0,0,0.049746193,0,0.212182741
SYR_2010,SYR,2010,Syria,0,0.052,0,0,0,0.928,0,0.02
TWN_2010,TWN,2010,Taiwan,0.213213213,0.055055055,0.442442442,0,0,0,0.162162162,0.127127127
TJK_2010,TJK,2010,Tajikistan,0,0.016032064,0,0,0,0.968937876,0,0.01503006
TZA_2010,TZA,2010,Tanzania,0,0.615230461,0.018036072,0,0,0.352705411,0,0.014028056
THA_2010,THA,2010,Thailand,0.944275583,0,0,0,0,0.055724417,0,0
TLS_2010,TLS,2010,Timor-Leste,0,1,0,0,0,0,0,0
TGO_2010,TGO,2010,Togo,0,0.43919598,0.357788945,0,0,0.140703518,0,0.062311558
TKL_2010,TKL,2010,Tokelau,0,1,0,0,0,0,0,0
TON_2010,TON,2010,Tonga,0,1,0,0,0,0,0,0
TTO_2010,TTO,2010,Trinidad and Tobago,0,0.660982949,0.019057172,0.227683049,0,0.059177533,0.014042126,0.019057172
TUN_2010,TUN,2010,Tunisia,0,0,0,0,0,1,0,0
TUR_2010,TUR,2010,Turkey,0,0,0,0,0,0.987903226,0,0.012096774
TKM_2010,TKM,2010,Turkmenistan,0,0.064386318,0,0,0,0.935613682,0,0
TCA_2010,TCA,2010,Turks and Caicos Islands,0,0.926559356,0.027162978,0,0,0,0,0.046277666
TUV_2010,TUV,2010,Tuvalu,0,0.967967968,0,0,0,0,0.019019019,0.013013013
UGA_2010,UGA,2010,Uganda,0,0.882892057,0,0,0,0.117107943,0,0
UKR_2010,UKR,2010,Ukraine,0,0.840521565,0,0,0,0.012036108,0,0.147442327
ARE_2010,ARE,2010,United Arab Emirates,0.02016129,0.127016129,0,0.066532258,0,0.775201613,0,0.01108871
GBR_2010,GBR,2010,United Kingdom,0,0.654120041,0,0.014242116,0,0.048830112,0,0.282807731
USA_2010,USA,2010,United States,0.012282497,0.801432958,0,0,0.018423746,0,0,0.167860798
VIR_2010,VIR,2010,U.S. Virgin Islands,0,0.962436548,0,0,0,0,0,0.037563452
URY_2010,URY,2010,Uruguay,0,0.587221095,0,0,0,0,0,0.412778905
UZB_2010,UZB,2010,Uzbekistan,0,0.023232323,0,0,0,0.976767677,0,0
VUT_2010,VUT,2010,Vanuatu,0,0.933,0.041,0,0,0,0.014,0.012
VEN_2010,VEN,2010,Venezuela,0,0.899295065,0,0,0,0,0,0.100704935
VNM_2010,VNM,2010,Vietnam,0.164824121,0.08241206,0.455276382,0,0,0,0,0.297487437
WLF_2010,WLF,2010,Wallis and Futuna,0,0.987829615,0.012170385,0,0,0,0,0
ESH_2010,ESH,2010,Western Sahara,0,0,0,0,0,1,0,0
YEM_2010,YEM,2010,Yemen,0,0,0,0,0,1,0,0
ZMB_2010,ZMB,2010,Zambia,0,1,0,0,0,0,0,0
ZWE_2010,ZWE,2010,Zimbabwe,0,0.881458967,0.038500507,0,0,0,0,0.080040527
SSD_2010,SSD,2010,South Sudan,0,0.607429719,0.330321285,0,0,0.062248996,0,0
CUW_2010,CUW,2010,Curacao,0,0.954268293,0.012195122,0,0,0,0,0.033536585
SXM_2010,SXM,2010,Sint Maarten,0,0.954268293,0.012195122,0,0,0,0,0.033536585
BES_2010,BES,2010,Caribbean Netherlands,0,0.954268293,0.012195122,0,0,0,0,0.033536585
AFG_2020,AFG,2020,Afghanistan,0,0,0,0,0,1,0,0
ALB_2020,ALB,2020,Albania,0,0.16902834,0,0,0,0.83097166,0,0
DZA_2020,DZA,2020,Algeria,0,0,0,0,0,0.981945838,0,0.018054162
ASM_2020,ASM,2020,American Samoa,0,1,0,0,0,0,0,0
AND_2020,AND,2020,Andorra,0,0.910478128,0,0,0,0,0,0.089521872
AGO_2020,AGO,2020,Angola,0,0.905905906,0.042042042,0,0,0,0,0.052052052
AIA_2020,AIA,2020,Anguilla,0,0.914228052,0.02926337,0,0,0,0.016145308,0.040363269
ATG_2020,ATG,2020,Antigua and Barbuda,0,0.946083418,0.036622584,0,0,0,0,0.017293998
ARG_2020,ARG,2020,Argentina,0,0.875897436,0,0,0,0,0,0.124102564
ARM_2020,ARM,2020,Armenia,0,0.986947791,0,0,0,0,0,0.013052209
ABW_2020,ABW,2020,Aruba,0,0.92431887,0.013118063,0,0,0,0,0.062563068
AUS_2020,AUS,2020,Australia,0.029622063,0.630234934,0,0.017364658,0,0.030643514,0,0.292134831
AUT_2020,AUT,2020,Austria,0,0.791120081,0,0,0,0.062563068,0,0.146316852
AZE_2020,AZE,2020,Azerbaijan,0,0.026026026,0,0,0,0.973973974,0,0
BHS_2020,BHS,2020,Bahamas,0,0.969758065,0,0,0,0,0,0.030241935
BHR_2020,BHR,2020,Bahrain,0.031281534,0.142280525,0,0.102926337,0,0.70332997,0,0.020181635
BGD_2020,BGD,2020,Bangladesh,0,0,0,0.082828283,0,0.917171717,0,0
BRB_2020,BRB,2020,Barbados,0,0.966497462,0,0,0,0,0.014213198,0.01928934
BLR_2020,BLR,2020,Belarus,0,0.711983887,0,0,0,0,0,0.288016113
BEL_2020,BEL,2020,Belgium,0,0.611111111,0,0,0,0.075757576,0,0.313131313
BLZ_2020,BLZ,2020,Belize,0,0.883064516,0.015120968,0,0.01108871,0,0,0.090725806
BEN_2020,BEN,2020,Benin,0,0.522522523,0.179179179,0,0,0.246246246,0,0.052052052
BMU_2020,BMU,2020,Bermuda,0,0.76142132,0.030456853,0,0,0.011167513,0,0.196954315
BTN_2020,BTN,2020,Bhutan,0.753784057,0,0.019172553,0.227043391,0,0,0,0
BOL_2020,BOL,2020,Bolivia,0,0.958205912,0,0,0,0,0,0.041794088
BIH_2020,BIH,2020,Bosnia-Herzegovina,0,0.511,0,0,0,0.465,0,0.024
BWA_2020,BWA,2020,Botswana,0,0.777212614,0.044760936,0,0,0,0,0.17802645
BRA_2020,BRA,2020,Brazil,0,0.883650953,0.032096289,0,0,0,0,0.084252758
VGB_2020,VGB,2020,British Virgin Islands,0,0.851814516,0.084677419,0.012096774,0,0.012096774,0,0.039314516
BRN_2020,BRN,2020,Brunei,0.086606244,0.094662638,0.062437059,0,0,0.756294058,0,0
BGR_2020,BGR,2020,Bulgaria,0,0.810810811,0,0,0,0.142142142,0,0.047047047
BFA_2020,BFA,2020,Burkina Faso,0,0.218090452,0.151758794,0,0,0.630150754,0,0
BDI_2020,BDI,2020,Burundi,0,0.910910911,0.06006006,0,0,0.029029029,0,0
KHM_2020,KHM,2020,Cambodia,0.979757085,0,0,0,0,0.020242915,0,0
CMR_2020,CMR,2020,Cameroon,0,0.696,0.032,0,0,0.193,0.027,0.052
CAN_2020,CAN,2020,Canada,0.01001001,0.664664665,0.012012012,0.017017017,0.011011011,0.028028028,0.012012012,0.245245245
CPV_2020,CPV,2020,Cape Verde,0,0.895687061,0.014042126,0,0,0,0,0.090270812
CYM_2020,CYM,2020,Cayman Islands,0,0.857289528,0.046201232,0,0,0,0,0.09650924
CAF_2020,CAF,2020,Central African Republic,0,0.898989899,0.01010101,0,0,0.090909091,0,0
TCD_2020,TCD,2020,Chad,0,0.411411411,0.013013013,0,0,0.551551552,0,0.024024024
CHA_2020,CHA,2020,Channel Islands,0,0.857142857,0,0,0,0,0,0.142857143
CHL_2020,CHL,2020,Chile,0,0.887437186,0.015075377,0,0,0,0,0.097487437
CHN_2020,CHN,2020,China,0.184475806,0.052419355,0.220766129,0,0,0.02016129,0,0.522177419
COL_2020,COL,2020,Colombia,0,0.932323232,0,0,0,0,0,0.067676768
COM_2020,COM,2020,Comoros,0,0,0,0,0,1,0,0
COG_2020,COG,2020,Republic of the Congo,0,0.871,0.027,0,0,0.012,0.01,0.08
COD_2020,COD,2020,Democratic Republic of the Congo,0,0.967676768,0,0,0,0.015151515,0,0.017171717
COK_2020,COK,2020,Cook Islands,0,0.967741935,0,0,0,0,0,0.032258065
CRI_2020,CRI,2020,Costa Rica,0,0.91902834,0,0,0,0,0,0.08097166
CIV_2020,CIV,2020,Ivory Coast,0,0.440881764,0.105210421,0,0,0.372745491,0,0.081162325
HRV_2020,HRV,2020,Croatia,0,0.933,0,0,0,0.016,0,0.051
CUB_2020,CUB,2020,Cuba,0,0.590772317,0.176529589,0,0,0,0,0.232698094
CYP_2020,CYP,2020,Cyprus,0,0.728830645,0,0,0,0.252016129,0,0.019153226
CZE_2020,CZE,2020,Czech Republic,0,0.210473313,0,0,0,0,0,0.789526687
DNK_2020,DNK,2020,Denmark,0,0.827272727,0,0,0,0.051515152,0,0.121212121
DJI_2020,DJI,2020,Djibouti,0,0.023185484,0,0,0,0.976814516,0,0
DMA_2020,DMA,2020,Dominica,0,0.952573158,0.030272452,0,0,0,0.01715439,0
DOM_2020,DOM,2020,Dominican Republic,0,0.889787664,0,0,0,0,0,0.110212336
ECU_2020,ECU,2020,Ecuador,0,0.9437751,0,0,0,0,0,0.0562249
EGY_2020,EGY,2020,Egypt,0,0.047,0,0,0,0.953,0,0
SLV_2020,SLV,2020,El Salvador,0,0.887096774,0,0,0,0,0,0.112903226
GNQ_2020,GNQ,2020,Equatorial Guinea,0,0.892354125,0.017102616,0,0,0.040241449,0,0.050301811
ERI_2020,ERI,2020,Eritrea,0,0.632160804,0,0,0,0.367839196,0,0
EST_2020,EST,2020,Estonia,0,0.394974874,0,0,0,0,0,0.605025126
ETH_2020,ETH,2020,Ethiopia,0,0.61961962,0.021021021,0,0,0.359359359,0,0
FRO_2020,FRO,2020,Faeroe Islands,0,0.982948847,0,0,0,0,0,0.017051153
FLK_2020,FLK,2020,Falkland Islands (Malvinas),0,0.680851064,0,0,0,0,0,0.319148936
FJI_2020,FJI,2020,Fiji,0,0.653144016,0,0.28296146,0,0.063894523,0,0
FIN_2020,FIN,2020,Finland,0,0.778557114,0,0,0,0.013026052,0,0.208416834
FRA_2020,FRA,2020,France,0,0.591047813,0,0,0,0.084435402,0,0.324516785
GUF_2020,GUF,2020,French Guiana,0,0.846774194,0.086693548,0.014112903,0,0.013104839,0,0.039314516
PYF_2020,PYF,2020,French Polynesia,0,0.950455005,0,0,0,0,0,0.049544995
GAB_2020,GAB,2020,Gabon,0,0.762096774,0.057459677,0,0,0.122983871,0,0.057459677
GMB_2020,GMB,2020,Gambia,0,0.042211055,0,0,0,0.957788945,0,0
GEO_2020,GEO,2020,Georgia,0,0.883064516,0,0,0,0.116935484,0,0
DEU_2020,DEU,2020,Germany,0,0.665322581,0,0,0,0.069556452,0,0.265120968
GHA_2020,GHA,2020,Ghana,0,0.73747495,0.049098196,0,0,0.175350701,0,0.038076152
GIB_2020,GIB,2020,Gibraltar,0,0.891566265,0,0.018072289,0.021084337,0.040160643,0,0.029116466
GRC_2020,GRC,2020,Greece,0,0.879518072,0,0,0,0.059236948,0,0.06124498
GRL_2020,GRL,2020,Greenland,0,0.97464503,0,0,0,0,0,0.02535497
GRD_2020,GRD,2020,Grenada,0,0.986721144,0.013278856,0,0,0,0,0
GLP_2020,GLP,2020,Guadeloupe,0,0.974593496,0,0,0,0,0,0.025406504
GUM_2020,GUM,2020,Guam,0.010989011,0.941058941,0.014985015,0,0,0,0.015984016,0.016983017
GTM_2020,GTM,2020,Guatemala,0,0.960685484,0,0,0,0,0,0.039314516
GIN_2020,GIN,2020,Guinea,0,0.108108108,0.027027027,0,0,0.846846847,0,0.018018018
GNB_2020,GNB,2020,Guinea-Bissau,0,0.189,0.306,0,0,0.461,0,0.044
GUY_2020,GUY,2020,Guyana,0,0.683786506,0,0.234642497,0,0.06143001,0,0.020140987
HTI_2020,HTI,2020,Haiti,0,0.871743487,0.021042084,0,0,0,0,0.107214429
VAT_2020,VAT,2020,Vatican City,0,1,0,0,0,0,0,0
HND_2020,HND,2020,Honduras,0,0.882946519,0.011099899,0,0,0,0,0.105953582
HKG_2020,HKG,2020,Hong Kong,0.133668342,0.149748744,0.130653266,0,0,0.021105528,0.015075377,0.549748744
HUN_2020,HUN,2020,Hungary,0,0.796184739,0,0,0,0,0,0.203815261
ISL_2020,ISL,2020,Iceland,0,0.960163432,0,0,0,0,0,0.039836568
IND_2020,IND,2020,India,0,0.024291498,0,0.798582996,0,0.155870445,0.021255061,0
IDN_2020,IDN,2020,Indonesia,0,0.103238866,0,0.016194332,0,0.880566802,0,0
IRN_2020,IRN,2020,Iran,0,0,0,0,0,1,0,0
IRQ_2020,IRQ,2020,Iraq,0,0,0,0,0,1,0,0
IRL_2020,IRL,2020,Ireland,0,0.905146317,0,0,0,0.015136226,0,0.079717457
IMN_2020,IMN,2020,Isle of Man,0,0.845226131,0,0,0,0,0,0.154773869
ISR_2020,ISR,2020,Israel,0,0.020140987,0,0,0.745216516,0.202416918,0,0.032225579
ITA_2020,ITA,2020,Italy,0,0.815338042,0,0,0,0.049445005,0,0.135216953
JAM_2020,JAM,2020,Jamaica,0,0.781597573,0.046511628,0,0,0,0,0.171890799
JPN_2020,JPN,2020,Japan,0.333668342,0.018090452,0,0,0,0,0.045226131,0.603015075
JOR_2020,JOR,2020,Jordan,0,0.021169355,0,0,0,0.978830645,0,0
KAZ_2020,KAZ,2020,Kazakhstan,0,0.233097881,0,0,0,0.72653885,0,0.040363269
KEN_2020,KEN,2020,Kenya,0,0.845845846,0.015015015,0,0,0.105105105,0.011011011,0.023023023
KIR_2020,KIR,2020,Kiribati,0,0.977822581,0,0,0,0,0.022177419,0
XKX_2020,XKX,2020,Kosovo,0,0.056056056,0,0,0,0.943943944,0,0
KWT_2020,KWT,2020,Kuwait,0.054216867,0.136546185,0,0.09939759,0,0.709839357,0,0
KGZ_2020,KGZ,2020,Kyrgyzstan,0,0.100603622,0,0,0,0.899396378,0,0
LAO_2020,LAO,2020,Laos,0.651068159,0.01525941,0.333672431,0,0,0,0,0
LVA_2020,LVA,2020,Latvia,0,0.545180723,0,0,0,0,0,0.454819277
LBN_2020,LBN,2020,Lebanon,0,0.385542169,0,0,0,0.614457831,0,0
LSO_2020,LSO,2020,Lesotho,0,0.971943888,0,0,0,0,0,0.028056112
LBR_2020,LBR,2020,Liberia,0,0.868076536,0,0,0,0.117824773,0,0.014098691
LBY_2020,LBY,2020,Libya,0,0.027190332,0,0,0,0.972809668,0,0
LIE_2020,LIE,2020,Liechtenstein,0,0.920841683,0,0,0,0.0501002,0,0.029058116
LTU_2020,LTU,2020,Lithuania,0,0.901705115,0,0,0,0,0,0.098294885
LUX_2020,LUX,2020,Luxembourg,0,0.708835341,0,0,0,0.023092369,0,0.268072289
MAC_2020,MAC,2020,Macau,0.175101215,0.072874494,0.596153846,0,0,0,0,0.155870445
MKD_2020,MKD,2020,Republic of Macedonia,0,0.551,0,0,0,0.436,0,0.013
MDG_2020,MDG,2020,Madagascar,0,0.848697395,0.047094188,0,0,0.031062124,0,0.073146293
MWI_2020,MWI,2020,Malawi,0,0.834834835,0.017017017,0,0,0.128128128,0,0.02002002
MYS_2020,MYS,2020,Malaysia,0.158266129,0.094758065,0.022177419,0.058467742,0,0.666330645,0,0
MDV_2020,MDV,2020,Maldives,0,0,0,0,0,1,0,0
MLI_2020,MLI,2020,Mali,0,0.024120603,0.025125628,0,0,0.950753769,0,0
MLT_2020,MLT,2020,Malta,0,0.974874372,0,0,0,0,0,0.025125628
MHL_2020,MHL,2020,Marshall Islands,0,0.984848485,0,0,0,0,0,0.015151515
MTQ_2020,MTQ,2020,Martinique,0,0.976720648,0,0,0,0,0,0.023279352
MRT_2020,MRT,2020,Mauritania,0,0,0,0,0,1,0,0
MUS_2020,MUS,2020,Mauritius,0,0.332657201,0,0.490872211,0,0.176470588,0,0
MYT_2020,MYT,2020,Mayotte,0,0,0,0,0,1,0,0
MEX_2020,MEX,2020,Mexico,0,0.942885772,0,0,0,0,0,0.057114228
FSM_2020,FSM,2020,Federated States of Micronesia,0,0.97244898,0.02755102,0,0,0,0,0
MDA_2020,MDA,2020,Moldova,0,0.986828774,0,0,0,0,0,0.013171226
MCO_2020,MCO,2020,Monaco,0,0.865191147,0,0,0.017102616,0,0,0.117706237
MNG_2020,MNG,2020,Mongolia,0.544,0.023,0.034,0,0,0.034,0,0.365
MNE_2020,MNE,2020,Montenegro,0,0.766,0,0,0,0.203,0,0.031
MSR_2020,MSR,2020,Montserrat,0,0.936873747,0,0,0,0,0.01503006,0.048096192
MAR_2020,MAR,2020,Morocco,0,0,0,0,0,1,0,0
MOZ_2020,MOZ,2020,Mozambique,0,0.578578579,0.076076076,0,0,0.172172172,0,0.173173173
MMR_2020,MMR,2020,Burma (Myanmar),0.803625378,0.078549849,0.058408862,0.017119839,0,0.042296073,0,0
NAM_2020,NAM,2020,Namibia,0,0.980885312,0,0,0,0,0,0.019114688
NRU_2020,NRU,2020,Nauru,0.010989011,0.789210789,0.080919081,0,0,0,0.073926074,0.044955045
NPL_2020,NPL,2020,Nepal,0.100806452,0,0.036290323,0.8125,0,0.050403226,0,0
NLD_2020,NLD,2020,Netherlands,0,0.480203046,0,0,0,0.070050761,0,0.449746193
NCL_2020,NCL,2020,New Caledonia,0,0.865853659,0,0,0,0.028455285,0,0.105691057
NZL_2020,NZL,2020,New Zealand,0.01928934,0.537055838,0,0.025380711,0,0.016243655,0,0.402030457
NIC_2020,NIC,2020,Nicaragua,0,0.8555667,0.014042126,0,0,0,0,0.130391174
NER_2020,NER,2020,Niger,0,0,0,0,0,1,0,0
NGA_2020,NGA,2020,Nigeria,0,0.471356784,0.015075377,0,0,0.513567839,0,0
NIU_2020,NIU,2020,Niue,0,0.966900702,0,0,0,0,0,0.033099298
PRK_2020,PRK,2020,North Korea,0.015,0.02,0.123,0,0,0,0.129,0.713
MNP_2020,MNP,2020,Northern Mariana Islands,0.106747231,0.818731118,0.053373615,0,0,0,0.011077543,0.010070493
NOR_2020,NOR,2020,Norway,0,0.83197556,0,0,0,0.049898167,0,0.118126273
OMN_2020,OMN,2020,Oman,0,0.065306122,0,0.058163265,0,0.876530612,0,0
PAK_2020,PAK,2020,Pakistan,0,0.016,0,0.019,0,0.965,0,0
PLW_2020,PLW,2020,Palau,0,0.881993896,0,0,0,0,0.105798576,0.012207528
PSE_2020,PSE,2020,Palestinian territories,0,0.02002002,0,0,0,0.97997998,0,0
PAN_2020,PAN,2020,Panama,0,0.948822927,0,0,0,0,0,0.051177073
PNG_2020,PNG,2020,Papua New Guinea,0,1,0,0,0,0,0,0
PRY_2020,PRY,2020,Paraguay,0,0.971915747,0.017051153,0,0,0,0,0.011033099
PER_2020,PER,2020,Peru,0,0.968527919,0,0,0,0,0,0.031472081
PHL_2020,PHL,2020,Philippines,0,0.926780341,0.016048144,0,0,0.057171515,0,0
POL_2020,POL,2020,Poland,0,0.926853707,0,0,0,0,0,0.073146293
PRT_2020,PRT,2020,Portugal,0,0.913218971,0,0,0,0,0,0.086781029
PRI_2020,PRI,2020,Puerto Rico,0,0.978701826,0,0,0,0,0,0.021298174
QAT_2020,QAT,2020,Qatar,0.038539554,0.138945233,0,0.161257606,0,0.661257606,0,0
REU_2020,REU,2020,Reunion,0,0.881287726,0,0.04527163,0,0.042253521,0.011066398,0.020120724
ROU_2020,ROU,2020,Romania,0,1,0,0,0,0,0,0
RUS_2020,RUS,2020,Russia,0,0.732663317,0,0,0,0.114572864,0,0.152763819
RWA_2020,RWA,2020,Rwanda,0,0.947474747,0,0,0,0.022222222,0,0.03030303
SHN_2020,SHN,2020,St. Helena,0,0.966933868,0,0,0,0,0,0.033066132
KNA_2020,KNA,2020,St. Kitts and Nevis,0,0.955555556,0.013131313,0.015151515,0,0,0,0.016161616
LCA_2020,LCA,2020,St. Lucia,0,0.922379032,0,0,0,0,0.019153226,0.058467742
SPM_2020,SPM,2020,St. Pierre and Miquelon,0,0.948897796,0,0,0,0,0.013026052,0.038076152
VCT_2020,VCT,2020,St. Vincent and the Grenadines,0,0.886113886,0.01998002,0.033966034,0,0.014985015,0.01998002,0.024975025
WSM_2020,WSM,2020,Samoa,0,0.975830816,0,0,0,0,0,0.024169184
SMR_2020,SMR,2020,San Marino,0,0.927125506,0,0,0,0,0,0.072874494
STP_2020,STP,2020,Sao Tome and Principe,0,0.811811812,0.031031031,0,0,0,0.025025025,0.132132132
SAU_2020,SAU,2020,Saudi Arabia,0,0.044715447,0,0.013211382,0,0.942073171,0,0
SEN_2020,SEN,2020,Senegal,0,0.033033033,0,0,0,0.966966967,0,0
SRB_2020,SRB,2020,Serbia,0,0.916916917,0,0,0,0.05005005,0,0.033033033
SYC_2020,SYC,2020,Seychelles,0,0.946626385,0,0.021148036,0,0.011077543,0,0.021148036
SLE_2020,SLE,2020,Sierra Leone,0,0.206268959,0,0,0,0.793731041,0,0
SGP_2020,SGP,2020,Singapore,0.322322322,0.177177177,0.024024024,0.065065065,0,0.161161161,0.085085085,0.165165165
SVK_2020,SVK,2020,Slovakia,0,0.841046278,0,0,0,0,0,0.158953722
SVN_2020,SVN,2020,Slovenia,0,0.772772773,0,0,0,0.039039039,0,0.188188188
SLB_2020,SLB,2020,Solomon Islands,0,0.986828774,0.013171226,0,0,0,0,0
SOM_2020,SOM,2020,Somalia,0,0,0,0,0,1,0,0
ZAF_2020,ZAF,2020,South Africa,0,0.816161616,0,0.01010101,0,0.019191919,0,0.154545455
KOR_2020,KOR,2020,South Korea,0.222109533,0.305273834,0,0,0,0,0,0.472616633
ESP_2020,ESP,2020,Spain,0,0.755778894,0,0,0,0.033165829,0,0.211055276
LKA_2020,LKA,2020,Sri Lanka,0.686686687,0.072072072,0,0.137137137,0,0.104104104,0,0
SDN_2020,SDN,2020,Sudan,0,0.054054054,0.028028028,0,0,0.907907908,0,0.01001001
SUR_2020,SUR,2020,Suriname,0,0.527749748,0.056508577,0.189707366,0,0.144298688,0.019172553,0.062563068
SWZ_2020,SWZ,2020,Swaziland,0,0.895055499,0.010090817,0,0,0,0,0.094853683
SWE_2020,SWE,2020,Sweden,0,0.639593909,0,0,0,0.065989848,0,0.294416244
CHE_2020,CHE,2020,Switzerland,0,0.711382114,0,0,0,0.056910569,0,0.231707317
SYR_2020,SYR,2020,Syria,0,0.052,0,0,0,0.928,0,0.02
TWN_2020,TWN,2020,Taiwan,0.212,0.058,0.438,0,0,0,0.155,0.137
TJK_2020,TJK,2020,Tajikistan,0,0.018054162,0,0,0,0.966900702,0,0.015045135
TZA_2020,TZA,2020,Tanzania,0,0.631631632,0.011011011,0,0,0.341341341,0,0.016016016
THA_2020,THA,2020,Thailand,0.939148073,0,0,0,0,0.060851927,0,0
TLS_2020,TLS,2020,Timor-Leste,0,1,0,0,0,0,0,0
TGO_2020,TGO,2020,Togo,0,0.42555332,0.371227364,0,0,0.14084507,0,0.062374245
TKL_2020,TKL,2020,Tokelau,0,1,0,0,0,0,0,0
TON_2020,TON,2020,Tonga,0,1,0,0,0,0,0,0
TTO_2020,TTO,2020,Trinidad and Tobago,0,0.665662651,0.020080321,0.223895582,0,0.058232932,0.014056225,0.018072289
TUN_2020,TUN,2020,Tunisia,0,0,0,0,0,1,0,0
TUR_2020,TUR,2020,Turkey,0,0,0,0,0,0.987903226,0,0.012096774
TKM_2020,TKM,2020,Turkmenistan,0,0.064386318,0,0,0,0.935613682,0,0
TCA_2020,TCA,2020,Turks and Caicos Islands,0,0.926559356,0.027162978,0,0,0,0,0.046277666
TUV_2020,TUV,2020,Tuvalu,0,0.967967968,0,0,0,0,0.019019019,0.013013013
UGA_2020,UGA,2020,Uganda,0,0.876782077,0,0,0,0.123217923,0,0
UKR_2020,UKR,2020,Ukraine,0,0.857715431,0,0,0,0.017034068,0,0.125250501
ARE_2020,ARE,2020,United Arab Emirates,0.024217962,0.130171544,0,0.077699294,0,0.756811302,0,0.011099899
GBR_2020,GBR,2020,United Kingdom,0,0.603061224,0,0.016326531,0,0.062244898,0,0.318367347
USA_2020,USA,2020,United States,0.012232416,0.769622834,0,0,0.017329256,0.011213048,0,0.189602446
VIR_2020,VIR,2020,U.S. Virgin Islands,0,0.962436548,0,0,0,0,0,0.037563452
URY_2020,URY,2020,Uruguay,0,0.578680203,0,0,0,0,0,0.421319797
UZB_2020,UZB,2020,Uzbekistan,0,0.020181635,0,0,0,0.979818365,0,0
VUT_2020,VUT,2020,Vanuatu,0,0.934065934,0.03996004,0,0,0,0.013986014,0.011988012
VEN_2020,VEN,2020,Venezuela,0,0.902217742,0,0,0,0,0,0.097782258
VNM_2020,VNM,2020,Vietnam,0.16281407,0.084422111,0.452261307,0,0,0,0,0.300502513
WLF_2020,WLF,2020,Wallis and Futuna,0,0.987829615,0.012170385,0,0,0,0,0
ESH_2020,ESH,2020,Western Sahara,0,0,0,0,0,1,0,0
YEM_2020,YEM,2020,Yemen,0,0,0,0,0,1,0,0
ZMB_2020,ZMB,2020,Zambia,0,1,0,0,0,0,0,0
ZWE_2020,ZWE,2020,Zimbabwe,0,0.882472138,0.040526849,0,0,0,0,0.077001013
SSD_2020,SSD,2020,South Sudan,0,0.607429719,0.330321285,0,0,0.062248996,0,0
CUW_2020,CUW,2020,Curacao,0,0.954268293,0.012195122,0,0,0,0,0.033536585
SXM_2020,SXM,2020,Sint Maarten,0,0.954268293,0.012195122,0,0,0,0,0.033536585
BES_2020,BES,2020,Caribbean Netherlands,0,0.954268293,0.012195122,0,0,0,0,0.033536585
AFG_2030,AFG,2030,Afghanistan,0,0,0,0,0,1,0,0
ALB_2030,ALB,2030,Albania,0,0.155555556,0,0,0,0.844444444,0,0
DZA_2030,DZA,2030,Algeria,0,0,0,0,0,0.981945838,0,0.018054162
ASM_2030,ASM,2030,American Samoa,0,1,0,0,0,0,0,0
AND_2030,AND,2030,Andorra,0,0.910478128,0,0,0,0,0,0.089521872
AGO_2030,AGO,2030,Angola,0,0.906813627,0.041082164,0,0,0,0,0.052104208
AIA_2030,AIA,2030,Anguilla,0,0.914228052,0.02926337,0,0,0,0.016145308,0.040363269
ATG_2030,ATG,2030,Antigua and Barbuda,0,0.946083418,0.036622584,0,0,0,0,0.017293998
ARG_2030,ARG,2030,Argentina,0,0.876151484,0,0,0,0,0,0.123848516
ARM_2030,ARM,2030,Armenia,0,0.986908359,0,0,0,0,0,0.013091641
ABW_2030,ABW,2030,Aruba,0,0.921370968,0.014112903,0,0,0,0,0.064516129
AUS_2030,AUS,2030,Australia,0.031664964,0.57711951,0,0.019407559,0,0.036772217,0,0.335035751
AUT_2030,AUT,2030,Austria,0,0.772727273,0,0,0,0.071717172,0,0.155555556
AZE_2030,AZE,2030,Azerbaijan,0,0.023023023,0,0,0,0.976976977,0,0
BHS_2030,BHS,2030,Bahamas,0,0.971774194,0,0,0,0,0,0.028225806
BHR_2030,BHR,2030,Bahrain,0.035353535,0.136363636,0,0.106060606,0,0.701010101,0,0.021212121
BGD_2030,BGD,2030,Bangladesh,0,0,0,0.07979798,0,0.92020202,0,0
BRB_2030,BRB,2030,Barbados,0,0.966497462,0,0,0,0,0.014213198,0.01928934
BLR_2030,BLR,2030,Belarus,0,0.707707708,0,0,0,0.011011011,0,0.281281281
BEL_2030,BEL,2030,Belgium,0,0.581135903,0,0,0,0.090263692,0,0.328600406
BLZ_2030,BLZ,2030,Belize,0,0.882056452,0.015120968,0,0.01108871,0,0,0.091733871
BEN_2030,BEN,2030,Benin,0,0.509,0.182,0,0,0.255,0,0.054
BMU_2030,BMU,2030,Bermuda,0,0.76142132,0.030456853,0,0,0.011167513,0,0.196954315
BTN_2030,BTN,2030,Bhutan,0.753784057,0,0.019172553,0.227043391,0,0,0,0
BOL_2030,BOL,2030,Bolivia,0,0.958248473,0,0,0,0,0,0.041751527
BIH_2030,BIH,2030,Bosnia-Herzegovina,0,0.5,0,0,0,0.477,0,0.023
BWA_2030,BWA,2030,Botswana,0,0.804632427,0.032225579,0,0,0.012084592,0,0.151057402
BRA_2030,BRA,2030,Brazil,0,0.87662989,0.035105316,0,0,0,0,0.088264794
VGB_2030,VGB,2030,British Virgin Islands,0,0.851814516,0.084677419,0.012096774,0,0.012096774,0,0.039314516
BRN_2030,BRN,2030,Brunei,0.086606244,0.094662638,0.062437059,0,0,0.756294058,0,0
BGR_2030,BGR,2030,Bulgaria,0,0.801603206,0,0,0,0.146292585,0,0.052104208
BFA_2030,BFA,2030,Burkina Faso,0,0.210261569,0.153923541,0,0,0.635814889,0,0
BDI_2030,BDI,2030,Burundi,0,0.909,0.061,0,0,0.03,0,0
KHM_2030,KHM,2030,Cambodia,0.979757085,0,0,0,0,0.020242915,0,0
CMR_2030,CMR,2030,Cameroon,0,0.688311688,0.031968032,0,0,0.202797203,0.026973027,0.04995005
CAN_2030,CAN,2030,Canada,0.012,0.64,0.013,0.02,0.012,0.036,0.015,0.252
CPV_2030,CPV,2030,Cape Verde,0,0.896793587,0.014028056,0,0,0,0,0.089178357
CYM_2030,CYM,2030,Cayman Islands,0,0.857289528,0.046201232,0,0,0,0,0.09650924
CAF_2030,CAF,2030,Central African Republic,0,0.904081633,0,0,0,0.095918367,0,0
TCD_2030,TCD,2030,Chad,0,0.414829659,0.013026052,0,0,0.5501002,0,0.022044088
CHA_2030,CHA,2030,Channel Islands,0,0.857142857,0,0,0,0,0,0.142857143
CHL_2030,CHL,2030,Chile,0,0.879396985,0.014070352,0,0,0,0,0.106532663
CHN_2030,CHN,2030,China,0.185110664,0.05331992,0.220321932,0,0,0.022132797,0,0.519114688
COL_2030,COL,2030,Colombia,0,0.93030303,0,0,0,0,0,0.06969697
COM_2030,COM,2030,Comoros,0,0,0,0,0,1,0,0
COG_2030,COG,2030,Republic of the Congo,0,0.873873874,0.027027027,0,0,0.011011011,0.01001001,0.078078078
COD_2030,COD,2030,Democratic Republic of the Congo,0,0.966700303,0,0,0,0.016145308,0,0.01715439
COK_2030,COK,2030,Cook Islands,0,0.967741935,0,0,0,0,0,0.032258065
CRI_2030,CRI,2030,Costa Rica,0,0.917004049,0,0,0,0,0,0.082995951
CIV_2030,CIV,2030,Ivory Coast,0,0.433867735,0.110220441,0,0,0.371743487,0,0.084168337
HRV_2030,HRV,2030,Croatia,0,0.934934935,0,0,0,0.017017017,0,0.048048048
CUB_2030,CUB,2030,Cuba,0,0.587349398,0.178714859,0,0,0,0,0.233935743
CYP_2030,CYP,2030,Cyprus,0,0.722391084,0,0,0,0.252279635,0,0.025329281
CZE_2030,CZE,2030,Czech Republic,0,0.19534413,0,0,0,0,0,0.80465587
DNK_2030,DNK,2030,Denmark,0,0.818825911,0,0,0,0.062753036,0,0.118421053
DJI_2030,DJI,2030,Djibouti,0,0.023185484,0,0,0,0.976814516,0,0
DMA_2030,DMA,2030,Dominica,0,0.952573158,0.030272452,0,0,0,0.01715439,0
DOM_2030,DOM,2030,Dominican Republic,0,0.890798787,0,0,0,0,0,0.109201213
ECU_2030,ECU,2030,Ecuador,0,0.942771084,0,0,0,0,0,0.057228916
EGY_2030,EGY,2030,Egypt,0,0.043,0,0,0,0.957,0,0
SLV_2030,SLV,2030,El Salvador,0,0.88608871,0,0,0,0,0,0.11391129
GNQ_2030,GNQ,2030,Equatorial Guinea,0,0.892354125,0.017102616,0,0,0.040241449,0,0.050301811
ERI_2030,ERI,2030,Eritrea,0,0.632160804,0,0,0,0.367839196,0,0
EST_2030,EST,2030,Estonia,0,0.394974874,0,0,0,0,0,0.605025126
ETH_2030,ETH,2030,Ethiopia,0,0.607,0.02,0,0,0.373,0,0
FRO_2030,FRO,2030,Faeroe Islands,0,0.982948847,0,0,0,0,0,0.017051153
FLK_2030,FLK,2030,Falkland Islands (Malvinas),0,0.680851064,0,0,0,0,0,0.319148936
FJI_2030,FJI,2030,Fiji,0,0.653144016,0,0.28296146,0,0.063894523,0,0
FIN_2030,FIN,2030,Finland,0,0.761809045,0,0,0,0.019095477,0,0.219095477
FRA_2030,FRA,2030,France,0,0.540183113,0,0,0,0.092573754,0,0.367243133
GUF_2030,GUF,2030,French Guiana,0,0.847165992,0.081983806,0.011133603,0,0.016194332,0,0.043522267
PYF_2030,PYF,2030,French Polynesia,0,0.950455005,0,0,0,0,0,0.049544995
GAB_2030,GAB,2030,Gabon,0,0.748237664,0.057401813,0,0,0.134944612,0,0.059415911
GMB_2030,GMB,2030,Gambia,0,0.039235412,0,0,0,0.960764588,0,0
GEO_2030,GEO,2030,Georgia,0,0.875,0,0,0,0.125,0,0
DEU_2030,DEU,2030,Germany,0,0.642137097,0,0,0,0.079637097,0,0.278225806
GHA_2030,GHA,2030,Ghana,0,0.720440882,0.053106212,0,0,0.189378758,0,0.037074148
GIB_2030,GIB,2030,Gibraltar,0,0.891566265,0,0.018072289,0.021084337,0.040160643,0,0.029116466
GRC_2030,GRC,2030,Greece,0,0.874371859,0,0,0,0.065326633,0,0.060301508
GRL_2030,GRL,2030,Greenland,0,0.97464503,0,0,0,0,0,0.02535497
GRD_2030,GRD,2030,Grenada,0,0.986721144,0.013278856,0,0,0,0,0
GLP_2030,GLP,2030,Guadeloupe,0,0.974593496,0,0,0,0,0,0.025406504
GUM_2030,GUM,2030,Guam,0.010989011,0.941058941,0.014985015,0,0,0,0.015984016,0.016983017
GTM_2030,GTM,2030,Guatemala,0,0.961732125,0,0,0,0,0,0.038267875
GIN_2030,GIN,2030,Guinea,0,0.106106106,0.026026026,0,0,0.84984985,0,0.018018018
GNB_2030,GNB,2030,Guinea-Bissau,0,0.179179179,0.305305305,0,0,0.471471471,0,0.044044044
GUY_2030,GUY,2030,Guyana,0,0.703629032,0,0.21875,0,0.058467742,0,0.019153226
HTI_2030,HTI,2030,Haiti,0,0.871485944,0.020080321,0,0,0,0,0.108433735
VAT_2030,VAT,2030,Vatican City,0,1,0,0,0,0,0,0
HND_2030,HND,2030,Honduras,0,0.8839556,0.012108981,0,0,0,0,0.103935419
HKG_2030,HKG,2030,Hong Kong,0.134673367,0.159798995,0.132663317,0,0,0.024120603,0.014070352,0.534673367
HUN_2030,HUN,2030,Hungary,0,0.779899497,0,0,0,0,0,0.220100503
ISL_2030,ISL,2030,Iceland,0,0.954779034,0,0,0,0,0,0.045220966
IND_2030,IND,2030,India,0,0.023302938,0,0.792299899,0,0.16514691,0.019250253,0
IDN_2030,IDN,2030,Indonesia,0,0.106275304,0,0.015182186,0,0.87854251,0,0
IRN_2030,IRN,2030,Iran,0,0,0,0,0,1,0,0
IRQ_2030,IRQ,2030,Iraq,0,0,0,0,0,1,0,0
IRL_2030,IRL,2030,Ireland,0,0.883838384,0,0,0,0.02020202,0,0.095959596
IMN_2030,IMN,2030,Isle of Man,0,0.845226131,0,0,0,0,0,0.154773869
ISR_2030,ISR,2030,Israel,0,0.020140987,0,0,0.728096677,0.220543807,0,0.03121853
ITA_2030,ITA,2030,Italy,0,0.791708797,0,0,0,0.061678463,0,0.14661274
JAM_2030,JAM,2030,Jamaica,0,0.780586451,0.046511628,0,0,0,0,0.172901921
JPN_2030,JPN,2030,Japan,0.303427419,0.019153226,0,0,0,0,0.04233871,0.635080645
JOR_2030,JOR,2030,Jordan,0,0.021190716,0,0,0,0.978809284,0,0
KAZ_2030,KAZ,2030,Kazakhstan,0,0.217391304,0,0,0,0.745197169,0,0.037411527
KEN_2030,KEN,2030,Kenya,0,0.845298281,0.014155713,0,0,0.117290192,0,0.023255814
KIR_2030,KIR,2030,Kiribati,0,0.977822581,0,0,0,0,0.022177419,0
XKX_2030,XKX,2030,Kosovo,0,0.052052052,0,0,0,0.947947948,0,0
KWT_2030,KWT,2030,Kuwait,0.065392354,0.128772636,0,0.105633803,0,0.700201207,0,0
KGZ_2030,KGZ,2030,Kyrgyzstan,0,0.089537223,0,0,0,0.910462777,0,0
LAO_2030,LAO,2030,Laos,0.627291242,0.015274949,0.357433809,0,0,0,0,0
LVA_2030,LVA,2030,Latvia,0,0.535678392,0,0,0,0,0,0.464321608
LBN_2030,LBN,2030,Lebanon,0,0.385542169,0,0,0,0.614457831,0,0
LSO_2030,LSO,2030,Lesotho,0,0.971971972,0,0,0,0,0,0.028028028
LBR_2030,LBR,2030,Liberia,0,0.866801211,0,0,0,0.120080727,0,0.013118063
LBY_2030,LBY,2030,Libya,0,0.027190332,0,0,0,0.972809668,0,0
LIE_2030,LIE,2030,Liechtenstein,0,0.920841683,0,0,0,0.0501002,0,0.029058116
LTU_2030,LTU,2030,Lithuania,0,0.903711133,0,0,0,0,0,0.096288867
LUX_2030,LUX,2030,Luxembourg,0,0.710552764,0,0,0,0.023115578,0,0.266331658
MAC_2030,MAC,2030,Macau,0.175101215,0.072874494,0.596153846,0,0,0,0,0.155870445
MKD_2030,MKD,2030,Republic of Macedonia,0,0.509,0,0,0,0.479,0,0.012
MDG_2030,MDG,2030,Madagascar,0,0.843530592,0.048144433,0,0,0.03109328,0,0.077231695
MWI_2030,MWI,2030,Malawi,0,0.837837838,0.016016016,0,0,0.129129129,0,0.017017017
MYS_2030,MYS,2030,Malaysia,0.139112903,0.094758065,0.021169355,0.055443548,0,0.689516129,0,0
MDV_2030,MDV,2030,Maldives,0,0,0,0,0,1,0,0
MLI_2030,MLI,2030,Mali,0,0.023138833,0.030181087,0,0,0.94668008,0,0
MLT_2030,MLT,2030,Malta,0,0.974874372,0,0,0,0,0,0.025125628
MHL_2030,MHL,2030,Marshall Islands,0,0.984848485,0,0,0,0,0,0.015151515
MTQ_2030,MTQ,2030,Martinique,0,0.976720648,0,0,0,0,0,0.023279352
MRT_2030,MRT,2030,Mauritania,0,0,0,0,0,1,0,0
MUS_2030,MUS,2030,Mauritius,0,0.333333333,0,0.489837398,0,0.176829268,0,0
MYT_2030,MYT,2030,Mayotte,0,0,0,0,0,1,0,0
MEX_2030,MEX,2030,Mexico,0,0.932865731,0,0,0,0,0,0.067134269
FSM_2030,FSM,2030,Federated States of Micronesia,0,0.97244898,0.02755102,0,0,0,0,0
MDA_2030,MDA,2030,Moldova,0,0.986815416,0,0,0,0,0,0.013184584
MCO_2030,MCO,2030,Monaco,0,0.865191147,0,0,0.017102616,0,0,0.117706237
MNG_2030,MNG,2030,Mongolia,0.539,0.023,0.034,0,0,0.036,0,0.368
MNE_2030,MNE,2030,Montenegro,0,0.751,0,0,0,0.219,0,0.03
MSR_2030,MSR,2030,Montserrat,0,0.936873747,0,0,0,0,0.01503006,0.048096192
MAR_2030,MAR,2030,Morocco,0,0,0,0,0,1,0,0
MOZ_2030,MOZ,2030,Mozambique,0,0.587174349,0.077154309,0,0,0.164328657,0,0.171342685
MMR_2030,MMR,2030,Burma (Myanmar),0.802618328,0.078549849,0.057401813,0.017119839,0,0.044310171,0,0
NAM_2030,NAM,2030,Namibia,0,0.980885312,0,0,0,0,0,0.019114688
NRU_2030,NRU,2030,Nauru,0.010989011,0.789210789,0.080919081,0,0,0,0.073926074,0.044955045
NPL_2030,NPL,2030,Nepal,0.097782258,0,0.036290323,0.810483871,0,0.055443548,0,0
NLD_2030,NLD,2030,Netherlands,0,0.453252033,0,0,0,0.078252033,0,0.468495935
NCL_2030,NCL,2030,New Caledonia,0,0.865853659,0,0,0,0.028455285,0,0.105691057
NZL_2030,NZL,2030,New Zealand,0.020325203,0.505081301,0,0.029471545,0,0.019308943,0,0.425813008
NIC_2030,NIC,2030,Nicaragua,0,0.851554664,0.014042126,0,0,0,0,0.13440321
NER_2030,NER,2030,Niger,0,0,0,0,0,1,0,0
NGA_2030,NGA,2030,Nigeria,0,0.444221106,0.016080402,0,0,0.539698492,0,0
NIU_2030,NIU,2030,Niue,0,0.966900702,0,0,0,0,0,0.033099298
PRK_2030,PRK,2030,North Korea,0.015,0.02,0.123,0,0,0,0.129,0.713
MNP_2030,MNP,2030,Northern Mariana Islands,0.106747231,0.818731118,0.053373615,0,0,0,0.011077543,0.010070493
NOR_2030,NOR,2030,Norway,0.011111111,0.797979798,0,0,0,0.061616162,0,0.129292929
OMN_2030,OMN,2030,Oman,0,0.062181448,0,0.058103976,0,0.879714577,0,0
PAK_2030,PAK,2030,Pakistan,0,0.015015015,0,0.02002002,0,0.964964965,0,0
PLW_2030,PLW,2030,Palau,0,0.881993896,0,0,0,0,0.105798576,0.012207528
PSE_2030,PSE,2030,Palestinian territories,0,0.018018018,0,0,0,0.981981982,0,0
PAN_2030,PAN,2030,Panama,0,0.945752303,0,0,0,0,0,0.054247697
PNG_2030,PNG,2030,Papua New Guinea,0,1,0,0,0,0,0,0
PRY_2030,PRY,2030,Paraguay,0,0.970912738,0.018054162,0,0,0,0,0.011033099
PER_2030,PER,2030,Peru,0,0.967545639,0,0,0,0,0,0.032454361
PHL_2030,PHL,2030,Philippines,0,0.925702811,0.016064257,0,0,0.058232932,0,0
POL_2030,POL,2030,Poland,0,0.909819639,0,0,0,0,0,0.090180361
PRT_2030,PRT,2030,Portugal,0,0.903651116,0,0,0,0,0,0.096348884
PRI_2030,PRI,2030,Puerto Rico,0,0.976673428,0,0,0,0,0,0.023326572
QAT_2030,QAT,2030,Qatar,0.040609137,0.135025381,0,0.171573604,0,0.652791878,0,0
REU_2030,REU,2030,Reunion,0,0.881287726,0,0.04527163,0,0.042253521,0.011066398,0.020120724
ROU_2030,ROU,2030,Romania,0,1,0,0,0,0,0,0
RUS_2030,RUS,2030,Russia,0,0.728370221,0,0,0,0.131790744,0,0.139839034
RWA_2030,RWA,2030,Rwanda,0,0.943548387,0,0,0,0.025201613,0,0.03125
SHN_2030,SHN,2030,St. Helena,0,0.966933868,0,0,0,0,0,0.033066132
KNA_2030,KNA,2030,St. Kitts and Nevis,0,0.955555556,0.013131313,0.015151515,0,0,0,0.016161616
LCA_2030,LCA,2030,St. Lucia,0,0.927419355,0,0,0,0,0.017137097,0.055443548
SPM_2030,SPM,2030,St. Pierre and Miquelon,0,0.948897796,0,0,0,0,0.013026052,0.038076152
VCT_2030,VCT,2030,St. Vincent and the Grenadines,0,0.886113886,0.01998002,0.033966034,0,0.014985015,0.01998002,0.024975025
WSM_2030,WSM,2030,Samoa,0,0.978851964,0,0,0,0,0,0.021148036
SMR_2030,SMR,2030,San Marino,0,0.927125506,0,0,0,0,0,0.072874494
STP_2030,STP,2030,Sao Tome and Principe,0,0.807807808,0.031031031,0,0,0,0.025025025,0.136136136
SAU_2030,SAU,2030,Saudi Arabia,0,0.042682927,0,0.014227642,0,0.943089431,0,0
SEN_2030,SEN,2030,Senegal,0,0.03003003,0,0,0,0.96996997,0,0
SRB_2030,SRB,2030,Serbia,0,0.906,0,0,0,0.06,0,0.034
SYC_2030,SYC,2030,Seychelles,0,0.946626385,0,0.021148036,0,0.011077543,0,0.021148036
SLE_2030,SLE,2030,Sierra Leone,0,0.200202224,0,0,0,0.799797776,0,0
SGP_2030,SGP,2030,Singapore,0.304914744,0.174523571,0.025075226,0.077231695,0,0.178535607,0.074222668,0.165496489
SVK_2030,SVK,2030,Slovakia,0,0.828456105,0,0,0,0,0,0.171543895
SVN_2030,SVN,2030,Slovenia,0,0.764764765,0,0,0,0.043043043,0,0.192192192
SLB_2030,SLB,2030,Solomon Islands,0,0.986828774,0.013171226,0,0,0,0,0
SOM_2030,SOM,2030,Somalia,0,0,0,0,0,1,0,0
ZAF_2030,ZAF,2030,South Africa,0,0.821428571,0,0,0,0.021428571,0,0.157142857
KOR_2030,KOR,2030,South Korea,0.210365854,0.317073171,0,0,0,0,0,0.472560976
ESP_2030,ESP,2030,Spain,0,0.71758794,0,0,0,0.046231156,0,0.236180905
LKA_2030,LKA,2030,Sri Lanka,0.68,0.071,0,0.138,0,0.111,0,0
SDN_2030,SDN,2030,Sudan,0,0.054054054,0.028028028,0,0,0.907907908,0,0.01001001
SUR_2030,SUR,2030,Suriname,0,0.535282258,0.061491935,0.178427419,0,0.13608871,0.019153226,0.069556452
SWZ_2030,SWZ,2030,Swaziland,0,0.897979798,0.01010101,0,0,0,0,0.091919192
SWE_2030,SWE,2030,Sweden,0,0.602446483,0,0,0,0.084607543,0,0.312945973
CHE_2030,CHE,2030,Switzerland,0,0.684638861,0,0,0,0.064089522,0,0.251271617
SYR_2030,SYR,2030,Syria,0,0.052,0,0,0,0.928,0,0.02
TWN_2030,TWN,2030,Taiwan,0.21,0.06,0.433,0,0,0,0.149,0.148
TJK_2030,TJK,2030,Tajikistan,0,0.019057172,0,0,0,0.965897693,0,0.015045135
TZA_2030,TZA,2030,Tanzania,0,0.649193548,0,0,0,0.33266129,0,0.018145161
THA_2030,THA,2030,Thailand,0.932994924,0,0,0,0,0.067005076,0,0
TLS_2030,TLS,2030,Timor-Leste,0,1,0,0,0,0,0,0
TGO_2030,TGO,2030,Togo,0,0.405025126,0.389949749,0,0,0.141708543,0,0.063316583
TKL_2030,TKL,2030,Tokelau,0,1,0,0,0,0,0,0
TON_2030,TON,2030,Tonga,0,1,0,0,0,0,0,0
TTO_2030,TTO,2030,Trinidad and Tobago,0,0.669678715,0.020080321,0.219879518,0,0.057228916,0.015060241,0.018072289
TUN_2030,TUN,2030,Tunisia,0,0,0,0,0,1,0,0
TUR_2030,TUR,2030,Turkey,0,0,0,0,0,0.987903226,0,0.012096774
TKM_2030,TKM,2030,Turkmenistan,0,0.064386318,0,0,0,0.935613682,0,0
TCA_2030,TCA,2030,Turks and Caicos Islands,0,0.926559356,0.027162978,0,0,0,0,0.046277666
TUV_2030,TUV,2030,Tuvalu,0,0.967967968,0,0,0,0,0.019019019,0.013013013
UGA_2030,UGA,2030,Uganda,0,0.869653768,0,0,0,0.130346232,0,0
UKR_2030,UKR,2030,Ukraine,0,0.872617854,0,0,0,0.023069208,0,0.104312939
ARE_2030,ARE,2030,United Arab Emirates,0.026236125,0.130171544,0,0.084762866,0,0.747729566,0,0.011099899
GBR_2030,GBR,2030,United Kingdom,0,0.5546476,0,0.017364658,0,0.078651685,0,0.349336057
USA_2030,USA,2030,United States,0.013157895,0.730769231,0,0,0.016194332,0.01417004,0.011133603,0.214574899
VIR_2030,VIR,2030,U.S. Virgin Islands,0,0.962436548,0,0,0,0,0,0.037563452
URY_2030,URY,2030,Uruguay,0,0.574036511,0,0,0,0,0,0.425963489
UZB_2030,UZB,2030,Uzbekistan,0,0.018145161,0,0,0,0.981854839,0,0
VUT_2030,VUT,2030,Vanuatu,0,0.935,0.04,0,0,0,0.014,0.011
VEN_2030,VEN,2030,Venezuela,0,0.904040404,0,0,0,0,0,0.095959596
VNM_2030,VNM,2030,Vietnam,0.161971831,0.085513078,0.449698189,0,0,0,0,0.302816901
WLF_2030,WLF,2030,Wallis and Futuna,0,0.987829615,0.012170385,0,0,0,0,0
ESH_2030,ESH,2030,Western Sahara,0,0,0,0,0,1,0,0
YEM_2030,YEM,2030,Yemen,0,0,0,0,0,1,0,0
ZMB_2030,ZMB,2030,Zambia,0,0.98980632,0,0,0,0,0.01019368,0
ZWE_2030,ZWE,2030,Zimbabwe,0,0.878296146,0.044624746,0,0,0,0,0.077079108
SSD_2030,SSD,2030,South Sudan,0,0.607429719,0.330321285,0,0,0.062248996,0,0
CUW_2030,CUW,2030,Curacao,0,0.954268293,0.012195122,0,0,0,0,0.033536585
SXM_2030,SXM,2030,Sint Maarten,0,0.954268293,0.012195122,0,0,0,0,0.033536585
BES_2030,BES,2030,Caribbean Netherlands,0,0.954268293,0.012195122,0,0,0,0,0.033536585
AFG_2040,AFG,2040,Afghanistan,0,0,0,0,0,1,0,0
ALB_2040,ALB,2040,Albania,0,0.14516129,0,0,0,0.85483871,0,0
DZA_2040,DZA,2040,Algeria,0,0,0,0,0,0.981945838,0,0.018054162
ASM_2040,ASM,2040,American Samoa,0,1,0,0,0,0,0,0
AND_2040,AND,2040,Andorra,0,0.910478128,0,0,0,0,0,0.089521872
AGO_2040,AGO,2040,Angola,0,0.906813627,0.041082164,0,0,0,0,0.052104208
AIA_2040,AIA,2040,Anguilla,0,0.914228052,0.02926337,0,0,0,0.016145308,0.040363269
ATG_2040,ATG,2040,Antigua and Barbuda,0,0.946083418,0.036622584,0,0,0,0,0.017293998
ARG_2040,ARG,2040,Argentina,0,0.879345603,0,0,0,0,0,0.120654397
ARM_2040,ARM,2040,Armenia,0,0.986868687,0,0,0,0,0,0.013131313
ABW_2040,ABW,2040,Aruba,0,0.918346774,0.014112903,0,0,0,0,0.067540323
AUS_2040,AUS,2040,Australia,0.031697342,0.526584867,0,0.021472393,0,0.042944785,0,0.377300613
AUT_2040,AUT,2040,Austria,0,0.755308392,0,0,0,0.080889788,0,0.16380182
AZE_2040,AZE,2040,Azerbaijan,0,0.021021021,0,0,0,0.978978979,0,0
BHS_2040,BHS,2040,Bahamas,0,0.972782258,0,0,0,0,0,0.027217742
BHR_2040,BHR,2040,Bahrain,0.038383838,0.13030303,0,0.108080808,0,0.702020202,0,0.021212121
BGD_2040,BGD,2040,Bangladesh,0,0,0,0.076767677,0,0.923232323,0,0
BRB_2040,BRB,2040,Barbados,0,0.966497462,0,0,0,0,0.014213198,0.01928934
BLR_2040,BLR,2040,Belarus,0,0.710420842,0,0,0,0.017034068,0,0.27254509
BEL_2040,BEL,2040,Belgium,0,0.557360406,0,0,0,0.104568528,0,0.338071066
BLZ_2040,BLZ,2040,Belize,0,0.881048387,0.015120968,0,0.01108871,0,0,0.092741935
BEN_2040,BEN,2040,Benin,0,0.496496496,0.183183183,0,0,0.264264264,0,0.056056056
BMU_2040,BMU,2040,Bermuda,0,0.76142132,0.030456853,0,0,0.011167513,0,0.196954315
BTN_2040,BTN,2040,Bhutan,0.753784057,0,0.019172553,0.227043391,0,0,0,0
BOL_2040,BOL,2040,Bolivia,0,0.958248473,0,0,0,0,0,0.041751527
BIH_2040,BIH,2040,Bosnia-Herzegovina,0,0.492,0,0,0,0.486,0,0.022
BWA_2040,BWA,2040,Botswana,0,0.828629032,0.023185484,0,0,0.015120968,0,0.133064516
BRA_2040,BRA,2040,Brazil,0,0.870741483,0.038076152,0,0,0,0,0.091182365
VGB_2040,VGB,2040,British Virgin Islands,0,0.851814516,0.084677419,0.012096774,0,0.012096774,0,0.039314516
BRN_2040,BRN,2040,Brunei,0.086606244,0.094662638,0.062437059,0,0,0.756294058,0,0
BGR_2040,BGR,2040,Bulgaria,0,0.793587174,0,0,0,0.149298597,0,0.057114228
BFA_2040,BFA,2040,Burkina Faso,0,0.201207243,0.154929577,0,0,0.643863179,0,0
BDI_2040,BDI,2040,Burundi,0,0.907,0.062,0,0,0.031,0,0
KHM_2040,KHM,2040,Cambodia,0.979736575,0,0,0,0,0.020263425,0,0
CMR_2040,CMR,2040,Cameroon,0,0.682,0.031,0,0,0.212,0.027,0.048
CAN_2040,CAN,2040,Canada,0.013013013,0.61961962,0.013013013,0.023023023,0.013013013,0.045045045,0.017017017,0.256256256
CPV_2040,CPV,2040,Cape Verde,0,0.897795591,0.014028056,0,0,0,0,0.088176353
CYM_2040,CYM,2040,Cayman Islands,0,0.857289528,0.046201232,0,0,0,0,0.09650924
CAF_2040,CAF,2040,Central African Republic,0,0.901020408,0,0,0,0.098979592,0,0
TCD_2040,TCD,2040,Chad,0,0.421843687,0.013026052,0,0,0.54509018,0,0.02004008
CHA_2040,CHA,2040,Channel Islands,0,0.857142857,0,0,0,0,0,0.142857143
CHL_2040,CHL,2040,Chile,0,0.871485944,0.014056225,0,0,0,0,0.114457831
CHN_2040,CHN,2040,China,0.185483871,0.053427419,0.220766129,0,0,0.024193548,0,0.516129032
COL_2040,COL,2040,Colombia,0,0.929292929,0,0,0,0,0,0.070707071
COM_2040,COM,2040,Comoros,0,0,0,0,0,1,0,0
COG_2040,COG,2040,Republic of the Congo,0,0.883838384,0.027272727,0,0,0.011111111,0,0.077777778
COD_2040,COD,2040,Democratic Republic of the Congo,0,0.966700303,0,0,0,0.016145308,0,0.01715439
COK_2040,COK,2040,Cook Islands,0,0.967741935,0,0,0,0,0,0.032258065
CRI_2040,CRI,2040,Costa Rica,0,0.915991903,0,0,0,0,0,0.084008097
CIV_2040,CIV,2040,Ivory Coast,0,0.424849699,0.115230461,0,0,0.372745491,0,0.087174349
HRV_2040,HRV,2040,Croatia,0,0.936,0,0,0,0.018,0,0.046
CUB_2040,CUB,2040,Cuba,0,0.583751254,0.181544634,0,0,0,0,0.234704112
CYP_2040,CYP,2040,Cyprus,0,0.713849287,0,0,0,0.254582485,0,0.031568228
CZE_2040,CZE,2040,Czech Republic,0,0.189409369,0,0,0,0,0,0.810590631
DNK_2040,DNK,2040,Denmark,0,0.81097561,0,0,0,0.074186992,0,0.114837398
DJI_2040,DJI,2040,Djibouti,0,0.023185484,0,0,0,0.976814516,0,0
DMA_2040,DMA,2040,Dominica,0,0.952573158,0.030272452,0,0,0,0.01715439,0
DOM_2040,DOM,2040,Dominican Republic,0,0.891809909,0,0,0,0,0,0.108190091
ECU_2040,ECU,2040,Ecuador,0,0.942713568,0,0,0,0,0,0.057286432
EGY_2040,EGY,2040,Egypt,0,0.04,0,0,0,0.96,0,0
SLV_2040,SLV,2040,El Salvador,0,0.884189325,0,0,0,0,0,0.115810675
GNQ_2040,GNQ,2040,Equatorial Guinea,0,0.892354125,0.017102616,0,0,0.040241449,0,0.050301811
ERI_2040,ERI,2040,Eritrea,0,0.632160804,0,0,0,0.367839196,0,0
EST_2040,EST,2040,Estonia,0,0.398994975,0,0,0,0,0,0.601005025
ETH_2040,ETH,2040,Ethiopia,0,0.594594595,0.019019019,0,0,0.386386386,0,0
FRO_2040,FRO,2040,Faeroe Islands,0,0.982948847,0,0,0,0,0,0.017051153
FLK_2040,FLK,2040,Falkland Islands (Malvinas),0,0.680851064,0,0,0,0,0,0.319148936
FJI_2040,FJI,2040,Fiji,0,0.653144016,0,0.28296146,0,0.063894523,0,0
FIN_2040,FIN,2040,Finland,0,0.747983871,0,0,0,0.025201613,0,0.226814516
FRA_2040,FRA,2040,France,0,0.487283825,0,0,0,0.100712106,0,0.412004069
GUF_2040,GUF,2040,French Guiana,0,0.853483607,0.079918033,0,0,0.019467213,0,0.047131148
PYF_2040,PYF,2040,French Polynesia,0,0.950455005,0,0,0,0,0,0.049544995
GAB_2040,GAB,2040,Gabon,0,0.734879032,0.055443548,0,0,0.148185484,0,0.061491935
GMB_2040,GMB,2040,Gambia,0,0.036290323,0,0,0,0.963709677,0,0
GEO_2040,GEO,2040,Georgia,0,0.865927419,0,0,0,0.134072581,0,0
DEU_2040,DEU,2040,Germany,0,0.620585267,0,0,0,0.089808274,0,0.289606458
GHA_2040,GHA,2040,Ghana,0,0.699398798,0.058116232,0,0,0.206412826,0,0.036072144
GIB_2040,GIB,2040,Gibraltar,0,0.891566265,0,0.018072289,0.021084337,0.040160643,0,0.029116466
GRC_2040,GRC,2040,Greece,0,0.869346734,0,0,0,0.072361809,0,0.058291457
GRL_2040,GRL,2040,Greenland,0,0.97464503,0,0,0,0,0,0.02535497
GRD_2040,GRD,2040,Grenada,0,0.986721144,0.013278856,0,0,0,0,0
GLP_2040,GLP,2040,Guadeloupe,0,0.974593496,0,0,0,0,0,0.025406504
GUM_2040,GUM,2040,Guam,0.010989011,0.941058941,0.014985015,0,0,0,0.015984016,0.016983017
GTM_2040,GTM,2040,Guatemala,0,0.962739174,0,0,0,0,0,0.037260826
GIN_2040,GIN,2040,Guinea,0,0.103103103,0.026026026,0,0,0.852852853,0,0.018018018
GNB_2040,GNB,2040,Guinea-Bissau,0,0.169,0.306,0,0,0.48,0,0.045
GUY_2040,GUY,2040,Guyana,0,0.72306143,0,0.202416918,0,0.055387714,0,0.019133938
HTI_2040,HTI,2040,Haiti,0,0.868737475,0.02004008,0,0,0,0,0.111222445
VAT_2040,VAT,2040,Vatican City,0,1,0,0,0,0,0,0
HND_2040,HND,2040,Honduras,0,0.885858586,0.012121212,0,0,0,0,0.102020202
HKG_2040,HKG,2040,Hong Kong,0.134673367,0.173869347,0.133668342,0,0,0.028140704,0.014070352,0.515577889
HUN_2040,HUN,2040,Hungary,0,0.769849246,0,0,0,0,0,0.230150754
ISL_2040,ISL,2040,Iceland,0,0.938712972,0,0,0,0.013278856,0,0.048008172
IND_2040,IND,2040,India,0,0.023279352,0,0.784412955,0,0.175101215,0.017206478,0
IDN_2040,IDN,2040,Indonesia,0,0.109090909,0,0.015151515,0,0.875757576,0,0
IRN_2040,IRN,2040,Iran,0,0,0,0,0,1,0,0
IRQ_2040,IRQ,2040,Iraq,0,0,0,0,0,1,0,0
IRL_2040,IRL,2040,Ireland,0,0.86437247,0,0,0,0.025303644,0,0.110323887
IMN_2040,IMN,2040,Isle of Man,0,0.845226131,0,0,0,0,0,0.154773869
ISR_2040,ISR,2040,Israel,0,0.020120724,0,0,0.714285714,0.235412475,0,0.030181087
ITA_2040,ITA,2040,Italy,0,0.765182186,0,0,0,0.077935223,0,0.156882591
JAM_2040,JAM,2040,Jamaica,0,0.780364372,0.046558704,0,0,0,0,0.173076923
JPN_2040,JPN,2040,Japan,0.275479314,0.021190716,0,0,0,0,0.040363269,0.6629667
JOR_2040,JOR,2040,Jordan,0,0.021190716,0,0,0,0.978809284,0,0
KAZ_2040,KAZ,2040,Kazakhstan,0,0.201621074,0,0,0,0.765957447,0,0.032421479
KEN_2040,KEN,2040,Kenya,0,0.836363636,0.013131313,0,0,0.126262626,0,0.024242424
KIR_2040,KIR,2040,Kiribati,0,0.977822581,0,0,0,0,0.022177419,0
XKX_2040,XKX,2040,Kosovo,0,0.049098196,0,0,0,0.950901804,0,0
KWT_2040,KWT,2040,Kuwait,0.071428571,0.123742455,0,0.107645875,0,0.697183099,0,0
KGZ_2040,KGZ,2040,Kyrgyzstan,0,0.079476861,0,0,0,0.920523139,0,0
LAO_2040,LAO,2040,Laos,0.603465851,0.01529052,0.381243629,0,0,0,0,0
LVA_2040,LVA,2040,Latvia,0,0.538693467,0,0,0,0,0,0.461306533
LBN_2040,LBN,2040,Lebanon,0,0.384538153,0,0,0,0.615461847,0,0
LSO_2040,LSO,2040,Lesotho,0,0.972945892,0,0,0,0,0,0.027054108
LBR_2040,LBR,2040,Liberia,0,0.865520728,0,0,0,0.121334681,0,0.01314459
LBY_2040,LBY,2040,Libya,0,0.027190332,0,0,0,0.972809668,0,0
LIE_2040,LIE,2040,Liechtenstein,0,0.920841683,0,0,0,0.0501002,0,0.029058116
LTU_2040,LTU,2040,Lithuania,0,0.907815631,0,0,0,0,0,0.092184369
LUX_2040,LUX,2040,Luxembourg,0,0.71184739,0,0,0,0.023092369,0,0.265060241
MAC_2040,MAC,2040,Macau,0.175101215,0.072874494,0.596153846,0,0,0,0,0.155870445
MKD_2040,MKD,2040,Republic of Macedonia,0,0.467467467,0,0,0,0.521521522,0,0.011011011
MDG_2040,MDG,2040,Madagascar,0,0.835835836,0.05005005,0,0,0.032032032,0,0.082082082
MWI_2040,MWI,2040,Malawi,0,0.839679359,0.016032064,0,0,0.129258517,0,0.01503006
MYS_2040,MYS,2040,Malaysia,0.122736419,0.094567404,0.020120724,0.05331992,0,0.709255533,0,0
MDV_2040,MDV,2040,Maldives,0,0,0,0,0,1,0,0
MLI_2040,MLI,2040,Mali,0,0.023138833,0.035211268,0,0,0.941649899,0,0
MLT_2040,MLT,2040,Malta,0,0.974874372,0,0,0,0,0,0.025125628
MHL_2040,MHL,2040,Marshall Islands,0,0.984848485,0,0,0,0,0,0.015151515
MTQ_2040,MTQ,2040,Martinique,0,0.976720648,0,0,0,0,0,0.023279352
MRT_2040,MRT,2040,Mauritania,0,0,0,0,0,1,0,0
MUS_2040,MUS,2040,Mauritius,0,0.333333333,0,0.488821138,0,0.177845528,0,0
MYT_2040,MYT,2040,Mayotte,0,0,0,0,0,1,0,0
MEX_2040,MEX,2040,Mexico,0,0.923923924,0,0,0,0,0,0.076076076
FSM_2040,FSM,2040,Federated States of Micronesia,0,0.97244898,0.02755102,0,0,0,0,0
MDA_2040,MDA,2040,Moldova,0,0.974924774,0,0,0,0.012036108,0,0.013039117
MCO_2040,MCO,2040,Monaco,0,0.865191147,0,0,0.017102616,0,0,0.117706237
MNG_2040,MNG,2040,Mongolia,0.534534535,0.022022022,0.034034034,0,0,0.038038038,0,0.371371371
MNE_2040,MNE,2040,Montenegro,0,0.734,0,0,0,0.237,0,0.029
MSR_2040,MSR,2040,Montserrat,0,0.936873747,0,0,0,0,0.01503006,0.048096192
MAR_2040,MAR,2040,Morocco,0,0,0,0,0,1,0,0
MOZ_2040,MOZ,2040,Mozambique,0,0.593,0.079,0,0,0.158,0,0.17
MMR_2040,MMR,2040,Burma (Myanmar),0.801810865,0.078470825,0.056338028,0.017102616,0,0.046277666,0,0
NAM_2040,NAM,2040,Namibia,0,0.979879276,0,0,0,0,0,0.020120724
NRU_2040,NRU,2040,Nauru,0.010989011,0.789210789,0.080919081,0,0,0,0.073926074,0.044955045
NPL_2040,NPL,2040,Nepal,0.094853683,0,0.036326942,0.80827447,0,0.060544904,0,0
NLD_2040,NLD,2040,Netherlands,0,0.426246185,0,0,0,0.08646999,0,0.487283825
NCL_2040,NCL,2040,New Caledonia,0,0.865853659,0,0,0,0.028455285,0,0.105691057
NZL_2040,NZL,2040,New Zealand,0.021341463,0.476626016,0,0.033536585,0,0.023373984,0,0.445121951
NIC_2040,NIC,2040,Nicaragua,0,0.847695391,0.014028056,0,0,0,0,0.138276553
NER_2040,NER,2040,Niger,0,0.011099899,0,0,0,0.988900101,0,0
NGA_2040,NGA,2040,Nigeria,0,0.416666667,0.017068273,0,0,0.56626506,0,0
NIU_2040,NIU,2040,Niue,0,0.966900702,0,0,0,0,0,0.033099298
PRK_2040,PRK,2040,North Korea,0.015,0.02,0.123,0,0,0,0.129,0.713
MNP_2040,MNP,2040,Northern Mariana Islands,0.106747231,0.818731118,0.053373615,0,0,0,0.011077543,0.010070493
NOR_2040,NOR,2040,Norway,0.01314459,0.77148635,0,0,0,0.075834176,0,0.139534884
OMN_2040,OMN,2040,Oman,0,0.059003052,0,0.057985758,0,0.88301119,0,0
PAK_2040,PAK,2040,Pakistan,0,0.015,0,0.02,0,0.965,0,0
PLW_2040,PLW,2040,Palau,0,0.881993896,0,0,0,0,0.105798576,0.012207528
PSE_2040,PSE,2040,Palestinian territories,0,0.016016016,0,0,0,0.983983984,0,0
PAN_2040,PAN,2040,Panama,0,0.943647541,0,0,0,0,0,0.056352459
PNG_2040,PNG,2040,Papua New Guinea,0,1,0,0,0,0,0,0
PRY_2040,PRY,2040,Paraguay,0,0.970912738,0.018054162,0,0,0,0,0.011033099
PER_2040,PER,2040,Peru,0,0.96653144,0,0,0,0,0,0.03346856
PHL_2040,PHL,2040,Philippines,0,0.923771314,0.016048144,0,0,0.060180542,0,0
POL_2040,POL,2040,Poland,0,0.890672016,0,0,0,0,0,0.109327984
PRT_2040,PRT,2040,Portugal,0,0.893075356,0,0,0,0,0,0.106924644
PRI_2040,PRI,2040,Puerto Rico,0,0.974619289,0,0,0,0,0,0.025380711
QAT_2040,QAT,2040,Qatar,0.041666667,0.132113821,0,0.173780488,0,0.652439024,0,0
REU_2040,REU,2040,Reunion,0,0.881287726,0,0.04527163,0,0.042253521,0.011066398,0.020120724
ROU_2040,ROU,2040,Romania,0,1,0,0,0,0,0,0
RUS_2040,RUS,2040,Russia,0,0.722613065,0,0,0,0.150753769,0,0.126633166
RWA_2040,RWA,2040,Rwanda,0,0.93856999,0,0,0,0.029204431,0,0.032225579
SHN_2040,SHN,2040,St. Helena,0,0.966933868,0,0,0,0,0,0.033066132
KNA_2040,KNA,2040,St. Kitts and Nevis,0,0.955555556,0.013131313,0.015151515,0,0,0,0.016161616
LCA_2040,LCA,2040,St. Lucia,0,0.931451613,0,0,0,0,0.016129032,0.052419355
SPM_2040,SPM,2040,St. Pierre and Miquelon,0,0.948897796,0,0,0,0,0.013026052,0.038076152
VCT_2040,VCT,2040,St. Vincent and the Grenadines,0,0.886113886,0.01998002,0.033966034,0,0.014985015,0.01998002,0.024975025
WSM_2040,WSM,2040,Samoa,0,0.979879276,0,0,0,0,0,0.020120724
SMR_2040,SMR,2040,San Marino,0,0.927125506,0,0,0,0,0,0.072874494
STP_2040,STP,2040,Sao Tome and Principe,0,0.803,0.031,0,0,0,0.026,0.14
SAU_2040,SAU,2040,Saudi Arabia,0,0.041624365,0,0.015228426,0,0.943147208,0,0
SEN_2040,SEN,2040,Senegal,0,0.028,0,0,0,0.972,0,0
SRB_2040,SRB,2040,Serbia,0,0.896,0,0,0,0.07,0,0.034
SYC_2040,SYC,2040,Seychelles,0,0.946626385,0,0.021148036,0,0.011077543,0,0.021148036
SLE_2040,SLE,2040,Sierra Leone,0,0.193124368,0,0,0,0.806875632,0,0
SGP_2040,SGP,2040,Singapore,0.288288288,0.173173173,0.026026026,0.089089089,0,0.194194194,0.065065065,0.164164164
SVK_2040,SVK,2040,Slovakia,0,0.816986855,0,0,0,0,0,0.183013145
SVN_2040,SVN,2040,Slovenia,0,0.757757758,0,0,0,0.045045045,0,0.197197197
SLB_2040,SLB,2040,Solomon Islands,0,0.986828774,0.013171226,0,0,0,0,0
SOM_2040,SOM,2040,Somalia,0,0,0,0,0,1,0,0
ZAF_2040,ZAF,2040,South Africa,0,0.818367347,0,0,0,0.023469388,0,0.158163265
KOR_2040,KOR,2040,South Korea,0.197355036,0.329603255,0,0,0,0,0,0.473041709
ESP_2040,ESP,2040,Spain,0,0.686491935,0,0,0,0.059475806,0,0.254032258
LKA_2040,LKA,2040,Sri Lanka,0.674,0.07,0,0.139,0,0.117,0,0
SDN_2040,SDN,2040,Sudan,0,0.054054054,0.028028028,0,0,0.907907908,0,0.01001001
SUR_2040,SUR,2040,Suriname,0,0.542885974,0.064581231,0.166498486,0,0.127144299,0.020181635,0.078708375
SWZ_2040,SWZ,2040,Swaziland,0,0.900100908,0.011099899,0,0,0,0,0.088799193
SWE_2040,SWE,2040,Sweden,0.010121457,0.561740891,0,0,0,0.104251012,0,0.32388664
CHE_2040,CHE,2040,Switzerland,0,0.657142857,0,0,0,0.071428571,0,0.271428571
SYR_2040,SYR,2040,Syria,0,0.051051051,0,0,0,0.928928929,0,0.02002002
TWN_2040,TWN,2040,Taiwan,0.207,0.063,0.428,0,0,0,0.143,0.159
TJK_2040,TJK,2040,Tajikistan,0,0.020060181,0,0,0,0.964894684,0,0.015045135
TZA_2040,TZA,2040,Tanzania,0,0.659959759,0,0,0,0.319919517,0,0.020120724
THA_2040,THA,2040,Thailand,0.915577889,0.010050251,0,0,0,0.074371859,0,0
TLS_2040,TLS,2040,Timor-Leste,0,1,0,0,0,0,0,0
TGO_2040,TGO,2040,Togo,0,0.387323944,0.407444668,0,0,0.14084507,0,0.064386318
TKL_2040,TKL,2040,Tokelau,0,1,0,0,0,0,0,0
TON_2040,TON,2040,Tonga,0,1,0,0,0,0,0,0
TTO_2040,TTO,2040,Trinidad and Tobago,0,0.674698795,0.021084337,0.214859438,0,0.0562249,0.015060241,0.018072289
TUN_2040,TUN,2040,Tunisia,0,0,0,0,0,1,0,0
TUR_2040,TUR,2040,Turkey,0,0,0,0,0,0.987903226,0,0.012096774
TKM_2040,TKM,2040,Turkmenistan,0,0.064451158,0,0,0,0.935548842,0,0
TCA_2040,TCA,2040,Turks and Caicos Islands,0,0.926559356,0.027162978,0,0,0,0,0.046277666
TUV_2040,TUV,2040,Tuvalu,0,0.967967968,0,0,0,0,0.019019019,0.013013013
UGA_2040,UGA,2040,Uganda,0,0.863543788,0,0,0,0.136456212,0,0
UKR_2040,UKR,2040,Ukraine,0,0.886546185,0,0,0,0.029116466,0,0.084337349
ARE_2040,ARE,2040,United Arab Emirates,0.027217742,0.131048387,0,0.090725806,0,0.739919355,0,0.01108871
GBR_2040,GBR,2040,United Kingdom,0,0.507157464,0,0.019427403,0,0.096114519,0,0.377300613
USA_2040,USA,2040,United States,0.014028056,0.69238477,0,0.011022044,0.01503006,0.018036072,0.013026052,0.236472946
VIR_2040,VIR,2040,U.S. Virgin Islands,0,0.962436548,0,0,0,0,0,0.037563452
URY_2040,URY,2040,Uruguay,0,0.572008114,0,0,0,0,0,0.427991886
UZB_2040,UZB,2040,Uzbekistan,0,0.016129032,0,0,0,0.983870968,0,0
VUT_2040,VUT,2040,Vanuatu,0,0.935,0.04,0,0,0,0.014,0.011
VEN_2040,VEN,2040,Venezuela,0,0.905050505,0,0,0,0,0,0.094949495
VNM_2040,VNM,2040,Vietnam,0.161127895,0.087613293,0.447129909,0,0,0,0,0.304128902
WLF_2040,WLF,2040,Wallis and Futuna,0,0.987829615,0.012170385,0,0,0,0,0
ESH_2040,ESH,2040,Western Sahara,0,0,0,0,0,1,0,0
YEM_2040,YEM,2040,Yemen,0,0,0,0,0,1,0,0
ZMB_2040,ZMB,2040,Zambia,0,0.989785495,0,0,0,0,0.010214505,0
ZWE_2040,ZWE,2040,Zimbabwe,0,0.86746988,0.046184739,0,0,0.010040161,0,0.076305221
SSD_2040,SSD,2040,South Sudan,0,0.607429719,0.330321285,0,0,0.062248996,0,0
CUW_2040,CUW,2040,Curacao,0,0.954268293,0.012195122,0,0,0,0,0.033536585
SXM_2040,SXM,2040,Sint Maarten,0,0.954268293,0.012195122,0,0,0,0,0.033536585
BES_2040,BES,2040,Caribbean Netherlands,0,0.954268293,0.012195122,0,0,0,0,0.033536585
AFG_2050,AFG,2050,Afghanistan,0,0,0,0,0,1,0,0
ALB_2050,ALB,2050,Albania,0,0.134944612,0,0,0,0.865055388,0,0
DZA_2050,DZA,2050,Algeria,0,0,0,0,0,0.981963928,0,0.018036072
ASM_2050,ASM,2050,American Samoa,0,1,0,0,0,0,0,0
AND_2050,AND,2050,Andorra,0,0.910478128,0,0,0,0,0,0.089521872
AGO_2050,AGO,2050,Angola,0,0.906813627,0.041082164,0,0,0,0,0.052104208
AIA_2050,AIA,2050,Anguilla,0,0.914228052,0.02926337,0,0,0,0.016145308,0.040363269
ATG_2050,ATG,2050,Antigua and Barbuda,0,0.946083418,0.036622584,0,0,0,0,0.017293998
ARG_2050,ARG,2050,Argentina,0,0.882772681,0,0,0,0,0,0.117227319
ARM_2050,ARM,2050,Armenia,0,0.975951904,0,0,0,0.011022044,0,0.013026052
ABW_2050,ABW,2050,Aruba,0,0.917255298,0.014127144,0,0,0,0,0.068617558
AUS_2050,AUS,2050,Australia,0.031729785,0.481064483,0,0.023541453,0,0.050153531,0,0.413510747
AUT_2050,AUT,2050,Austria,0,0.73556231,0,0,0,0.090172239,0,0.174265451
AZE_2050,AZE,2050,Azerbaijan,0,0.019019019,0,0,0,0.980980981,0,0
BHS_2050,BHS,2050,Bahamas,0,0.973816717,0,0,0,0,0,0.026183283
BHR_2050,BHR,2050,Bahrain,0.040363269,0.12209889,0,0.107971746,0,0.708375378,0,0.021190716
BGD_2050,BGD,2050,Bangladesh,0,0,0,0.073737374,0,0.926262626,0,0
BRB_2050,BRB,2050,Barbados,0,0.966497462,0,0,0,0,0.014213198,0.01928934
BLR_2050,BLR,2050,Belarus,0,0.713426854,0,0,0,0.024048096,0,0.26252505
BEL_2050,BEL,2050,Belgium,0,0.537678208,0,0,0,0.120162933,0,0.342158859
BLZ_2050,BLZ,2050,Belize,0,0.880928355,0.015136226,0,0.011099899,0,0,0.09283552
BEN_2050,BEN,2050,Benin,0,0.485,0.184,0,0,0.273,0,0.058
BMU_2050,BMU,2050,Bermuda,0,0.76142132,0.030456853,0,0,0.011167513,0,0.196954315
BTN_2050,BTN,2050,Bhutan,0.753784057,0,0.019172553,0.227043391,0,0,0,0
BOL_2050,BOL,2050,Bolivia,0,0.958290946,0,0,0,0,0,0.041709054
BIH_2050,BIH,2050,Bosnia-Herzegovina,0,0.485,0,0,0,0.494,0,0.021
BWA_2050,BWA,2050,Botswana,0,0.845766129,0.017137097,0,0,0.018145161,0,0.118951613
BRA_2050,BRA,2050,Brazil,0,0.866599799,0.040120361,0,0,0,0,0.09327984
VGB_2050,VGB,2050,British Virgin Islands,0,0.851814516,0.084677419,0.012096774,0,0.012096774,0,0.039314516
BRN_2050,BRN,2050,Brunei,0.086606244,0.094662638,0.062437059,0,0,0.756294058,0,0
BGR_2050,BGR,2050,Bulgaria,0,0.787787788,0,0,0,0.15015015,0,0.062062062
BFA_2050,BFA,2050,Burkina Faso,0,0.19416499,0.155935614,0,0,0.649899396,0,0
BDI_2050,BDI,2050,Burundi,0,0.905,0.063,0,0,0.032,0,0
KHM_2050,KHM,2050,Cambodia,0.978744939,0,0,0,0,0.021255061,0,0
CMR_2050,CMR,2050,Cameroon,0,0.676,0.031,0,0,0.22,0.027,0.046
CAN_2050,CAN,2050,Canada,0.014985015,0.601398601,0.013986014,0.025974026,0.013986014,0.054945055,0.018981019,0.255744256
CPV_2050,CPV,2050,Cape Verde,0,0.899699097,0.013039117,0,0,0,0,0.087261785
CYM_2050,CYM,2050,Cayman Islands,0,0.857289528,0.046201232,0,0,0,0,0.09650924
CAF_2050,CAF,2050,Central African Republic,0,0.896938776,0,0,0,0.103061224,0,0
TCD_2050,TCD,2050,Chad,0,0.427855711,0.013026052,0,0,0.54008016,0,0.019038076
CHA_2050,CHA,2050,Channel Islands,0,0.857142857,0,0,0,0,0,0.142857143
CHL_2050,CHL,2050,Chile,0,0.866331658,0.013065327,0,0,0,0,0.120603015
CHN_2050,CHN,2050,China,0.186491935,0.054435484,0.219758065,0,0,0.027217742,0,0.512096774
COL_2050,COL,2050,Colombia,0,0.927272727,0,0,0,0,0,0.072727273
COM_2050,COM,2050,Comoros,0,0,0,0,0,1,0,0
COG_2050,COG,2050,Republic of the Congo,0,0.886868687,0.027272727,0,0,0.011111111,0,0.074747475
COD_2050,COD,2050,Democratic Republic of the Congo,0,0.965691221,0,0,0,0.01715439,0,0.01715439
COK_2050,COK,2050,Cook Islands,0,0.967741935,0,0,0,0,0,0.032258065
CRI_2050,CRI,2050,Costa Rica,0,0.915906788,0,0,0,0,0,0.084093212
CIV_2050,CIV,2050,Ivory Coast,0,0.416248746,0.120361083,0,0,0.374122367,0,0.089267803
HRV_2050,HRV,2050,Croatia,0,0.936936937,0,0,0,0.019019019,0,0.044044044
CUB_2050,CUB,2050,Cuba,0,0.580321285,0.18373494,0,0,0,0,0.235943775
CYP_2050,CYP,2050,Cyprus,0.01314459,0.696663296,0,0,0,0.253791709,0,0.036400404
CZE_2050,CZE,2050,Czech Republic,0,0.190769231,0,0,0,0,0,0.809230769
DNK_2050,DNK,2050,Denmark,0,0.801223242,0,0,0,0.086646279,0,0.112130479
DJI_2050,DJI,2050,Djibouti,0,0.023185484,0,0,0,0.976814516,0,0
DMA_2050,DMA,2050,Dominica,0,0.952573158,0.030272452,0,0,0,0.01715439,0
DOM_2050,DOM,2050,Dominican Republic,0,0.892821031,0,0,0,0,0,0.107178969
ECU_2050,ECU,2050,Ecuador,0,0.941708543,0,0,0,0,0,0.058291457
EGY_2050,EGY,2050,Egypt,0,0.037,0,0,0,0.963,0,0
SLV_2050,SLV,2050,El Salvador,0,0.882175227,0,0,0,0,0,0.117824773
GNQ_2050,GNQ,2050,Equatorial Guinea,0,0.892354125,0.017102616,0,0,0.040241449,0,0.050301811
ERI_2050,ERI,2050,Eritrea,0,0.632160804,0,0,0,0.367839196,0,0
EST_2050,EST,2050,Estonia,0,0.406030151,0,0,0,0,0,0.593969849
ETH_2050,ETH,2050,Ethiopia,0,0.583583584,0.017017017,0,0,0.399399399,0,0
FRO_2050,FRO,2050,Faeroe Islands,0,0.982948847,0,0,0,0,0,0.017051153
FLK_2050,FLK,2050,Falkland Islands (Malvinas),0,0.680851064,0,0,0,0,0,0.319148936
FJI_2050,FJI,2050,Fiji,0,0.653144016,0,0.28296146,0,0.063894523,0,0
FIN_2050,FIN,2050,Finland,0,0.731584258,0,0,0,0.034308779,0,0.234106963
FRA_2050,FRA,2050,France,0,0.439347604,0,0,0,0.111111111,0,0.449541284
GUF_2050,GUF,2050,French Guiana,0,0.850409836,0.075819672,0,0,0.023565574,0,0.050204918
PYF_2050,PYF,2050,French Polynesia,0,0.950455005,0,0,0,0,0,0.049544995
GAB_2050,GAB,2050,Gabon,0,0.720040282,0.055387714,0,0,0.161127895,0,0.063444109
GMB_2050,GMB,2050,Gambia,0,0.033333333,0,0,0,0.966666667,0,0
GEO_2050,GEO,2050,Georgia,0,0.856854839,0,0,0,0.143145161,0,0
DEU_2050,DEU,2050,Germany,0,0.598385469,0,0,0,0.100908174,0,0.300706357
GHA_2050,GHA,2050,Ghana,0,0.68004012,0.061183551,0,0,0.223671013,0,0.035105316
GIB_2050,GIB,2050,Gibraltar,0,0.891566265,0,0.018072289,0.021084337,0.040160643,0,0.029116466
GRC_2050,GRC,2050,Greece,0,0.866197183,0,0,0,0.078470825,0,0.055331992
GRL_2050,GRL,2050,Greenland,0,0.97464503,0,0,0,0,0,0.02535497
GRD_2050,GRD,2050,Grenada,0,0.986721144,0.013278856,0,0,0,0,0
GLP_2050,GLP,2050,Guadeloupe,0,0.974593496,0,0,0,0,0,0.025406504
GUM_2050,GUM,2050,Guam,0.010989011,0.941058941,0.014985015,0,0,0,0.015984016,0.016983017
GTM_2050,GTM,2050,Guatemala,0,0.964717742,0,0,0,0,0,0.035282258
GIN_2050,GIN,2050,Guinea,0,0.1001001,0.026026026,0,0,0.855855856,0,0.018018018
GNB_2050,GNB,2050,Guinea-Bissau,0,0.15984016,0.306693307,0,0,0.487512488,0,0.045954046
GUY_2050,GUY,2050,Guyana,0,0.743202417,0,0.18529708,0,0.052366566,0,0.019133938
HTI_2050,HTI,2050,Haiti,0,0.867602808,0.019057172,0,0,0,0,0.11334002
VAT_2050,VAT,2050,Vatican City,0,1,0,0,0,0,0,0
HND_2050,HND,2050,Honduras,0,0.885858586,0.012121212,0,0,0,0,0.102020202
HKG_2050,HKG,2050,Hong Kong,0.134944612,0.190332326,0.134944612,0,0,0.032225579,0.013091641,0.494461229
HUN_2050,HUN,2050,Hungary,0,0.765593561,0,0,0,0,0,0.234406439
ISL_2050,ISL,2050,Iceland,0.011144883,0.919959473,0,0,0,0.017223911,0,0.051671733
IND_2050,IND,2050,India,0,0.022267206,0,0.776315789,0,0.186234818,0.015182186,0
IDN_2050,IDN,2050,Indonesia,0,0.113131313,0,0.014141414,0,0.872727273,0,0
IRN_2050,IRN,2050,Iran,0,0,0,0,0,1,0,0
IRQ_2050,IRQ,2050,Iraq,0,0,0,0,0,1,0,0
IRL_2050,IRL,2050,Ireland,0,0.846855984,0,0,0,0.030425963,0,0.122718053
IMN_2050,IMN,2050,Isle of Man,0,0.845226131,0,0,0,0,0,0.154773869
ISR_2050,ISR,2050,Israel,0,0.019133938,0,0,0.703927492,0.247734139,0,0.029204431
ITA_2050,ITA,2050,Italy,0,0.738336714,0,0,0,0.096348884,0,0.165314402
JAM_2050,JAM,2050,Jamaica,0,0.780364372,0.04757085,0,0,0,0,0.172064777
JPN_2050,JPN,2050,Japan,0.253279516,0.024217962,0,0,0,0,0.039354188,0.683148335
JOR_2050,JOR,2050,Jordan,0,0.021212121,0,0,0,0.978787879,0,0
KAZ_2050,KAZ,2050,Kazakhstan,0,0.186612576,0,0,0,0.784989858,0,0.028397566
KEN_2050,KEN,2050,Kenya,0,0.830131446,0.012133468,0,0,0.134479272,0,0.023255814
KIR_2050,KIR,2050,Kiribati,0,0.977822581,0,0,0,0,0.022177419,0
XKX_2050,XKX,2050,Kosovo,0,0.047047047,0,0,0,0.952952953,0,0
KWT_2050,KWT,2050,Kuwait,0.073514602,0.118831823,0,0.108761329,0,0.698892246,0,0
KGZ_2050,KGZ,2050,Kyrgyzstan,0,0.070422535,0,0,0,0.929577465,0,0
LAO_2050,LAO,2050,Laos,0.580020387,0.01529052,0.404689093,0,0,0,0,0
LVA_2050,LVA,2050,Latvia,0,0.546277666,0,0,0,0,0,0.453722334
LBN_2050,LBN,2050,Lebanon,0,0.383534137,0,0,0,0.616465863,0,0
LSO_2050,LSO,2050,Lesotho,0,0.972972973,0,0,0,0,0,0.027027027
LBR_2050,LBR,2050,Liberia,0,0.854854855,0.011011011,0,0,0.121121121,0,0.013013013
LBY_2050,LBY,2050,Libya,0,0.027190332,0,0,0,0.972809668,0,0
LIE_2050,LIE,2050,Liechtenstein,0,0.920841683,0,0,0,0.0501002,0,0.029058116
LTU_2050,LTU,2050,Lithuania,0,0.914744233,0,0,0,0,0,0.085255767
LUX_2050,LUX,2050,Luxembourg,0,0.713855422,0,0,0,0.023092369,0,0.263052209
MAC_2050,MAC,2050,Macau,0.175101215,0.072874494,0.596153846,0,0,0,0,0.155870445
MKD_2050,MKD,2050,Republic of Macedonia,0,0.427427427,0,0,0,0.562562563,0,0.01001001
MDG_2050,MDG,2050,Madagascar,0,0.829659319,0.052104208,0,0,0.032064128,0,0.086172345
MWI_2050,MWI,2050,Malawi,0,0.840840841,0.016016016,0,0,0.129129129,0,0.014014014
MYS_2050,MYS,2050,Malaysia,0.108542714,0.094472362,0.019095477,0.050251256,0,0.727638191,0,0
MDV_2050,MDV,2050,Maldives,0,0,0,0,0,1,0,0
MLI_2050,MLI,2050,Mali,0,0.023138833,0.03722334,0,0,0.939637827,0,0
MLT_2050,MLT,2050,Malta,0,0.974874372,0,0,0,0,0,0.025125628
MHL_2050,MHL,2050,Marshall Islands,0,0.984848485,0,0,0,0,0,0.015151515
MTQ_2050,MTQ,2050,Martinique,0,0.976720648,0,0,0,0,0,0.023279352
MRT_2050,MRT,2050,Mauritania,0,0,0,0,0,1,0,0
MUS_2050,MUS,2050,Mauritius,0,0.331319235,0,0.481369587,0,0.177240685,0,0.010070493
MYT_2050,MYT,2050,Mayotte,0,0,0,0,0,1,0,0
MEX_2050,MEX,2050,Mexico,0,0.915831663,0,0,0,0,0,0.084168337
FSM_2050,FSM,2050,Federated States of Micronesia,0,0.972420838,0.027579162,0,0,0,0,0
MDA_2050,MDA,2050,Moldova,0,0.972918756,0,0,0,0.014042126,0,0.013039117
MCO_2050,MCO,2050,Monaco,0,0.865191147,0,0,0.017102616,0,0,0.117706237
MNG_2050,MNG,2050,Mongolia,0.529,0.022,0.034,0,0,0.041,0,0.374
MNE_2050,MNE,2050,Montenegro,0,0.715,0,0,0,0.258,0,0.027
MSR_2050,MSR,2050,Montserrat,0,0.936873747,0,0,0,0,0.01503006,0.048096192
MAR_2050,MAR,2050,Morocco,0,0,0,0,0,1,0,0
MOZ_2050,MOZ,2050,Mozambique,0,0.6,0.081,0,0,0.151,0,0.168
MMR_2050,MMR,2050,Burma (Myanmar),0.802816901,0.079476861,0.054325956,0.016096579,0,0.047283702,0,0
NAM_2050,NAM,2050,Namibia,0,0.979859013,0,0,0,0,0,0.020140987
NRU_2050,NRU,2050,Nauru,0.010989011,0.789210789,0.080919081,0,0,0,0.073926074,0.044955045
NPL_2050,NPL,2050,Nepal,0.092741935,0,0.036290323,0.804435484,0,0.066532258,0,0
NLD_2050,NLD,2050,Netherlands,0,0.403669725,0,0,0,0.095820591,0,0.500509684
NCL_2050,NCL,2050,New Caledonia,0,0.865853659,0,0,0,0.028455285,0,0.105691057
NZL_2050,NZL,2050,New Zealand,0.022380468,0.454730417,0,0.036622584,0,0.027466938,0,0.458799593
NIC_2050,NIC,2050,Nicaragua,0,0.843687375,0.014028056,0,0,0,0,0.142284569
NER_2050,NER,2050,Niger,0,0.011111111,0,0,0,0.988888889,0,0
NGA_2050,NGA,2050,Nigeria,0,0.394578313,0.018072289,0,0,0.587349398,0,0
NIU_2050,NIU,2050,Niue,0,0.966900702,0,0,0,0,0,0.033099298
PRK_2050,PRK,2050,North Korea,0.015,0.02,0.123,0,0,0,0.129,0.713
MNP_2050,MNP,2050,Northern Mariana Islands,0.106747231,0.818731118,0.053373615,0,0,0,0.011077543,0.010070493
NOR_2050,NOR,2050,Norway,0.015212982,0.747464503,0,0,0,0.090263692,0,0.147058824
OMN_2050,OMN,2050,Oman,0,0.055837563,0,0.05786802,0,0.886294416,0,0
PAK_2050,PAK,2050,Pakistan,0,0.015,0,0.02,0,0.965,0,0
PLW_2050,PLW,2050,Palau,0,0.881993896,0,0,0,0,0.105798576,0.012207528
PSE_2050,PSE,2050,Palestinian territories,0,0.014014014,0,0,0,0.985985986,0,0
PAN_2050,PAN,2050,Panama,0,0.941598361,0,0,0,0,0,0.058401639
PNG_2050,PNG,2050,Papua New Guinea,0,1,0,0,0,0,0,0
PRY_2050,PRY,2050,Paraguay,0,0.970912738,0.018054162,0,0,0,0,0.011033099
PER_2050,PER,2050,Peru,0,0.966497462,0,0,0,0,0,0.033502538
PHL_2050,PHL,2050,Philippines,0,0.923694779,0.016064257,0,0,0.060240964,0,0
POL_2050,POL,2050,Poland,0,0.871485944,0,0,0,0,0,0.128514056
PRT_2050,PRT,2050,Portugal,0,0.872598584,0,0,0,0.01314459,0,0.114256825
PRI_2050,PRI,2050,Puerto Rico,0,0.972560976,0,0,0,0,0,0.027439024
QAT_2050,QAT,2050,Qatar,0.041666667,0.12804878,0,0.173780488,0,0.656504065,0,0
REU_2050,REU,2050,Reunion,0,0.881287726,0,0.04527163,0,0.042253521,0.011066398,0.020120724
ROU_2050,ROU,2050,Romania,0,1,0,0,0,0,0,0
RUS_2050,RUS,2050,Russia,0,0.717303823,0,0,0,0.169014085,0,0.113682093
RWA_2050,RWA,2050,Rwanda,0,0.936555891,0,0,0,0.032225579,0,0.03121853
SHN_2050,SHN,2050,St. Helena,0,0.966933868,0,0,0,0,0,0.033066132
KNA_2050,KNA,2050,St. Kitts and Nevis,0,0.955555556,0.013131313,0.015151515,0,0,0,0.016161616
LCA_2050,LCA,2050,St. Lucia,0,0.936555891,0,0,0,0,0.014098691,0.049345418
SPM_2050,SPM,2050,St. Pierre and Miquelon,0,0.948897796,0,0,0,0,0.013026052,0.038076152
VCT_2050,VCT,2050,St. Vincent and the Grenadines,0,0.886113886,0.01998002,0.033966034,0,0.014985015,0.01998002,0.024975025
WSM_2050,WSM,2050,Samoa,0,0.980885312,0,0,0,0,0,0.019114688
SMR_2050,SMR,2050,San Marino,0,0.927125506,0,0,0,0,0,0.072874494
STP_2050,STP,2050,Sao Tome and Principe,0,0.796,0.032,0,0,0,0.026,0.146
SAU_2050,SAU,2050,Saudi Arabia,0,0.040526849,0,0.01621074,0,0.943262411,0,0
SEN_2050,SEN,2050,Senegal,0,0.025025025,0,0,0,0.974974975,0,0
SRB_2050,SRB,2050,Serbia,0,0.884884885,0,0,0,0.081081081,0,0.034034034
SYC_2050,SYC,2050,Seychelles,0,0.946626385,0,0.021148036,0,0.011077543,0,0.021148036
SLE_2050,SLE,2050,Sierra Leone,0,0.187057634,0,0,0,0.812942366,0,0
SGP_2050,SGP,2050,Singapore,0.270541082,0.170340681,0.028056112,0.100200401,0,0.214428858,0.056112224,0.160320641
SVK_2050,SVK,2050,Slovakia,0,0.807106599,0,0,0,0,0,0.192893401
SVN_2050,SVN,2050,Slovenia,0,0.750750751,0,0,0,0.047047047,0,0.202202202
SLB_2050,SLB,2050,Solomon Islands,0,0.986828774,0.013171226,0,0,0,0,0
SOM_2050,SOM,2050,Somalia,0,0,0,0,0,1,0,0
ZAF_2050,ZAF,2050,South Africa,0,0.816326531,0,0,0,0.026530612,0,0.157142857
KOR_2050,KOR,2050,South Korea,0.184882533,0.342185904,0,0,0,0,0,0.472931563
ESP_2050,ESP,2050,Spain,0,0.657258065,0,0,0,0.075604839,0,0.267137097
LKA_2050,LKA,2050,Sri Lanka,0.668668669,0.068068068,0,0.14014014,0,0.123123123,0,0
SDN_2050,SDN,2050,Sudan,0,0.054054054,0.028028028,0,0,0.907907908,0,0.01001001
SUR_2050,SUR,2050,Suriname,0,0.548940464,0.067608476,0.155398587,0,0.119071645,0.020181635,0.088799193
SWZ_2050,SWZ,2050,Swaziland,0,0.902020202,0.011111111,0,0,0,0,0.086868687
SWE_2050,SWE,2050,Sweden,0.012158055,0.529888551,0,0,0,0.125633232,0,0.332320162
CHE_2050,CHE,2050,Switzerland,0,0.632277835,0,0,0,0.077630235,0,0.290091931
SYR_2050,SYR,2050,Syria,0,0.051051051,0,0,0,0.928928929,0,0.02002002
TWN_2050,TWN,2050,Taiwan,0.205,0.065,0.423,0,0,0,0.136,0.171
TJK_2050,TJK,2050,Tajikistan,0,0.02106319,0,0,0,0.963891675,0,0.015045135
TZA_2050,TZA,2050,Tanzania,0,0.668004012,0,0,0,0.30892678,0,0.023069208
THA_2050,THA,2050,Thailand,0.905527638,0.011055276,0,0,0,0.083417085,0,0
TLS_2050,TLS,2050,Timor-Leste,0,1,0,0,0,0,0,0
TGO_2050,TGO,2050,Togo,0,0.369215292,0.42555332,0,0,0.14084507,0,0.064386318
TKL_2050,TKL,2050,Tokelau,0,1,0,0,0,0,0,0
TON_2050,TON,2050,Tonga,0,1,0,0,0,0,0,0
TTO_2050,TTO,2050,Trinidad and Tobago,0,0.680722892,0.021084337,0.209839357,0,0.055220884,0.016064257,0.017068273
TUN_2050,TUN,2050,Tunisia,0,0,0,0,0,1,0,0
TUR_2050,TUR,2050,Turkey,0,0,0,0,0,0.987903226,0,0.012096774
TKM_2050,TKM,2050,Turkmenistan,0,0.065392354,0,0,0,0.934607646,0,0
TCA_2050,TCA,2050,Turks and Caicos Islands,0,0.926559356,0.027162978,0,0,0,0,0.046277666
TUV_2050,TUV,2050,Tuvalu,0,0.967967968,0,0,0,0,0.019019019,0.013013013
UGA_2050,UGA,2050,Uganda,0,0.858452138,0,0,0,0.141547862,0,0
UKR_2050,UKR,2050,Ukraine,0,0.896482412,0,0,0,0.03718593,0,0.066331658
ARE_2050,ARE,2050,United Arab Emirates,0.027245207,0.130171544,0,0.095862765,0,0.736629667,0,0.010090817
GBR_2050,GBR,2050,United Kingdom,0,0.465163934,0,0.020491803,0,0.115778689,0,0.398565574
USA_2050,USA,2050,United States,0.014056225,0.666666667,0,0.012048193,0.014056225,0.021084337,0.015060241,0.257028112
VIR_2050,VIR,2050,U.S. Virgin Islands,0,0.962436548,0,0,0,0,0,0.037563452
URY_2050,URY,2050,Uruguay,0,0.573022312,0,0,0,0,0,0.426977688
UZB_2050,UZB,2050,Uzbekistan,0,0.01510574,0,0,0,0.98489426,0,0
VUT_2050,VUT,2050,Vanuatu,0,0.935,0.04,0,0,0,0.014,0.011
VEN_2050,VEN,2050,Venezuela,0,0.906882591,0,0,0,0,0,0.093117409
VNM_2050,VNM,2050,Vietnam,0.160120846,0.089627392,0.443101712,0,0,0,0,0.30715005
WLF_2050,WLF,2050,Wallis and Futuna,0,0.987829615,0.012170385,0,0,0,0,0
ESH_2050,ESH,2050,Western Sahara,0,0,0,0,0,1,0,0
YEM_2050,YEM,2050,Yemen,0,0,0,0,0,1,0,0
ZMB_2050,ZMB,2050,Zambia,0,0.978744939,0,0,0,0.010121457,0.011133603,0
ZWE_2050,ZWE,2050,Zimbabwe,0,0.863590772,0.049147442,0,0,0.011033099,0,0.076228686
SSD_2050,SSD,2050,South Sudan,0,0.607429719,0.330321285,0,0,0.062248996,0,0
CUW_2050,CUW,2050,Curacao,0,0.954268293,0.012195122,0,0,0,0,0.033536585
SXM_2050,SXM,2050,Sint Maarten,0,0.954268293,0.012195122,0,0,0,0,0.033536585
BES_2050,BES,2050,Caribbean Netherlands,0,0.954268293,0.012195122,0,0,0,0,0.033536585
