CY,Code,Country,NY,Num,Year,Pop,GDPcoL,GDPcoU,HCEcoL,HCEcoU,GDPcuL,GDPcuU,HCEcuL,HCEcuU
ARM_1970,ARM,Armenia,51_1970,51,1970,,0.420827819,0.420827819,0.469591382,0.469591382,0.40508551,0.58307786,0.403349559,0.532575328
ARM_1971,ARM,Armenia,51_1971,51,1971,,0.444483136,0.444483136,0.497340824,0.497340824,0.427470171,0.615450691,0.427336675,0.564509114
ARM_1972,ARM,Armenia,51_1972,51,1972,,0.458844851,0.458844851,0.525368909,0.525368909,0.444340022,0.699772388,0.452477912,0.653916456
ARM_1973,ARM,Armenia,51_1973,51,1973,,0.496238972,0.496238972,0.553362016,0.553362016,0.480442624,0.841712439,0.474846655,0.763517264
ARM_1974,ARM,Armenia,51_1974,51,1974,,0.518089821,0.518089821,0.580949143,0.580949143,0.498384256,0.83675346,0.498458661,0.767792187
ARM_1975,ARM,Armenia,51_1975,51,1975,,0.529652423,0.529652423,0.611180741,0.611180741,0.51726913,0.92709114,0.526612001,0.865629638
ARM_1976,ARM,Armenia,51_1976,51,1976,,0.560077137,0.560077137,0.633926694,0.633926694,0.543602381,0.926620904,0.549248762,0.858416465
ARM_1977,ARM,Armenia,51_1977,51,1977,,0.586582219,0.586582219,0.65746784,0.65746784,0.564577256,0.989466039,0.571185561,0.917592079
ARM_1978,ARM,Armenia,51_1978,51,1978,,0.613965724,0.613965724,0.681014852,0.681014852,0.592082783,1.120818452,0.597167681,1.035951122
ARM_1979,ARM,Armenia,51_1979,51,1979,,0.63189767,0.63189767,0.70331826,0.70331826,0.606840025,1.197479902,0.625150902,1.130225274
ARM_1980,ARM,Armenia,51_1980,51,1980,,0.66006682,0.66006682,0.748534873,0.748534873,0.633860711,1.242911653,0.66540838,1.195123104
ARM_1981,ARM,Armenia,51_1981,51,1981,,0.692087024,0.692087024,0.773854976,0.773854976,0.664233479,1.193645504,0.700877363,1.153352812
ARM_1982,ARM,Armenia,51_1982,51,1982,,0.741776088,0.741776088,0.773877723,0.773877723,0.709808998,1.257783262,0.720734034,1.169205334
ARM_1983,ARM,Armenia,51_1983,51,1983,,0.809584792,0.809584792,0.827282489,0.827282489,0.775359069,1.232197434,0.773924727,1.126500489
ARM_1984,ARM,Armenia,51_1984,51,1984,,0.800818517,0.800818517,0.819405746,0.819405746,0.766963394,1.218258592,0.766556014,1.114117621
ARM_1985,ARM,Armenia,51_1985,51,1985,,0.808592371,0.808592371,0.831634609,0.831634609,0.776951439,1.181577155,0.782197537,1.088164756
ARM_1986,ARM,Armenia,51_1986,51,1986,,0.817574992,0.817574992,0.833315594,0.833315594,0.795087923,1.095410424,0.795427136,1.002214413
ARM_1987,ARM,Armenia,51_1987,51,1987,,0.831078275,0.831078275,0.841728866,0.841728866,0.818051855,1.025545941,0.815931495,0.935225318
ARM_1988,ARM,Armenia,51_1988,51,1988,,0.870715475,0.870715475,0.871338092,0.871338092,0.864445665,0.99976871,0.860995125,0.910219543
ARM_1989,ARM,Armenia,51_1989,51,1989,,0.926130514,0.926130514,0.911992709,0.911992709,0.926130514,0.993235956,0.930631335,0.912111777
ARM_1990,ARM,Armenia,51_1990,51,1990,,1,1,1,1,1,1,1,1
AZE_1970,AZE,Azerbaijan,31_1970,31,1970,,0.3813933,0.3813933,0.425587376,0.425587376,0.367126157,0.528439375,0.365552877,0.482669284
AZE_1971,AZE,Azerbaijan,31_1971,31,1971,,0.399882788,0.399882788,0.447436628,0.447436628,0.384576939,0.553695108,0.384456838,0.507865114
AZE_1972,AZE,Azerbaijan,31_1972,31,1972,,0.409743565,0.409743565,0.469148841,0.469148841,0.396790908,0.62488929,0.404057957,0.583940431
AZE_1973,AZE,Azerbaijan,31_1973,31,1973,,0.439879744,0.439879744,0.490515167,0.490515167,0.425877431,0.746116837,0.420917012,0.676802504
AZE_1974,AZE,Azerbaijan,31_1974,31,1974,,0.461929672,0.461929672,0.517975139,0.517975139,0.44436016,0.746050657,0.4444265,0.684564681
AZE_1975,AZE,Azerbaijan,31_1975,31,1975,,0.47516565,0.47516565,0.54830693,0.54830693,0.46405626,0.831718774,0.472438004,0.776579982
AZE_1976,AZE,Azerbaijan,31_1976,31,1976,,0.505782821,0.505782821,0.572473345,0.572473345,0.490905141,0.836793549,0.496004157,0.775200901
AZE_1977,AZE,Azerbaijan,31_1977,31,1977,,0.533408176,0.533408176,0.597867971,0.597867971,0.513397977,0.899770327,0.519407234,0.834411786
AZE_1978,AZE,Azerbaijan,31_1978,31,1978,,0.562326335,0.562326335,0.623736099,0.623736099,0.542283923,1.026548727,0.54694114,0.948819413
AZE_1979,AZE,Azerbaijan,31_1979,31,1979,,0.582943258,0.582943258,0.648830748,0.648830748,0.55982688,1.104708672,0.576719176,1.042664399
AZE_1980,AZE,Azerbaijan,31_1980,31,1980,,0.613302011,0.613302011,0.695502227,0.695502227,0.588952568,1.154853105,0.618265129,1.110450307
AZE_1981,AZE,Azerbaijan,31_1981,31,1981,,0.647584669,0.647584669,0.724094805,0.724094805,0.621522154,1.116892099,0.655809774,1.079190295
AZE_1982,AZE,Azerbaijan,31_1982,31,1982,,0.698910369,0.698910369,0.729156917,0.729156917,0.668790592,1.185098547,0.679084293,1.101639356
AZE_1983,AZE,Azerbaijan,31_1983,31,1983,,0.769517307,0.769517307,0.786339121,0.786339121,0.736985463,1.171214258,0.735622108,1.070748403
AZE_1984,AZE,Azerbaijan,31_1984,31,1984,,0.765250171,0.765250171,0.783011848,0.783011848,0.732898723,1.164149649,0.732509437,1.064634098
AZE_1985,AZE,Azerbaijan,31_1985,31,1985,,0.778417362,0.778417362,0.80059971,0.80059971,0.747957204,1.137483118,0.753007529,1.047556678
AZE_1986,AZE,Azerbaijan,31_1986,31,1986,,0.793159831,0.793159831,0.808430373,0.808430373,0.771344292,1.062698292,0.771673374,0.972285383
AZE_1987,AZE,Azerbaijan,31_1987,31,1987,,0.812674561,0.812674561,0.823089302,0.823089302,0.799936603,1.002835861,0.797863197,0.914515333
AZE_1988,AZE,Azerbaijan,31_1988,31,1988,,0.858176526,0.858176526,0.858790177,0.858790177,0.851997005,0.985371298,0.848596156,0.897111706
AZE_1989,AZE,Azerbaijan,31_1989,31,1989,,0.919692178,0.919692178,0.905652657,0.905652657,0.919692178,0.986331111,0.924161709,0.905770897
AZE_1990,AZE,Azerbaijan,31_1990,31,1990,,1,1,1,1,1,1,1,1
BLR_1970,BLR,Belarus,112_1970,112,1970,,0.34942615,0.34942615,0.38991602,0.38991602,0.336354831,0.484147298,0.334913419,0.442213509
BLR_1971,BLR,Belarus,112_1971,112,1971,,0.364502511,0.364502511,0.407848948,0.407848948,0.350550872,0.504706038,0.350441397,0.462930926
BLR_1972,BLR,Belarus,112_1972,112,1972,,0.371683831,0.371683831,0.425571145,0.425571145,0.359934303,0.566845376,0.36652634,0.529700122
BLR_1973,BLR,Belarus,112_1973,112,1973,,0.397130848,0.397130848,0.442845362,0.442845362,0.384489324,0.673606858,0.380010974,0.61102871
BLR_1974,BLR,Belarus,112_1974,112,1974,,0.420082509,0.420082509,0.471050701,0.471050701,0.404104656,0.678464387,0.404164985,0.622548553
BLR_1975,BLR,Belarus,112_1975,112,1975,,0.43518542,0.43518542,0.502172625,0.502172625,0.425010769,0.76173832,0.432687277,0.711238883
BLR_1976,BLR,Belarus,112_1976,112,1976,,0.466398115,0.466398115,0.527895527,0.527895527,0.452678942,0.771633432,0.457380904,0.71483693
BLR_1977,BLR,Belarus,112_1977,112,1977,,0.495130406,0.495130406,0.554964518,0.554964518,0.476556153,0.835202134,0.482134182,0.774533771
BLR_1978,BLR,Belarus,112_1978,112,1978,,0.525331291,0.525331291,0.58270095,0.58270095,0.506607454,0.959012826,0.510958277,0.886397267
BLR_1979,BLR,Belarus,112_1979,112,1979,,0.548021684,0.548021684,0.609962144,0.609962144,0.526290107,1.038530421,0.54217046,0.980202948
BLR_1980,BLR,Belarus,112_1980,112,1980,,0.580133841,0.580133841,0.657888561,0.657888561,0.557101247,1.092397147,0.584828547,1.05039571
BLR_1981,BLR,Belarus,112_1981,112,1981,,0.616306382,0.616306382,0.689121084,0.689121084,0.591502684,1.0629463,0.624134215,1.02706549
BLR_1982,BLR,Belarus,112_1982,112,1982,,0.6691522,0.6691522,0.698110912,0.698110912,0.640314861,1.134639484,0.650170278,1.054733814
BLR_1983,BLR,Belarus,112_1983,112,1983,,0.734113468,0.734113468,0.750161346,0.750161346,0.703078344,1.117329205,0.701777715,1.021485569
BLR_1984,BLR,Belarus,112_1984,112,1984,,0.741152114,0.741152114,0.758354468,0.758354468,0.709819426,1.127490076,0.709442399,1.031108312
BLR_1985,BLR,Belarus,112_1985,112,1985,,0.75803022,0.75803022,0.779631602,0.779631602,0.728367829,1.107691864,0.733285883,1.020120642
BLR_1986,BLR,Belarus,112_1986,112,1986,,0.776433539,0.776433539,0.791382053,0.791382053,0.755078049,1.040287926,0.755400192,0.95178166
BLR_1987,BLR,Belarus,112_1987,112,1987,,0.799574123,0.799574123,0.809820976,0.809820976,0.787041503,0.986669994,0.785001521,0.899773206
BLR_1988,BLR,Belarus,112_1988,112,1988,,0.848654739,0.848654739,0.849261582,0.849261582,0.842543783,0.974438239,0.839180668,0.887157919
BLR_1989,BLR,Belarus,112_1989,112,1989,,0.914382708,0.914382708,0.900424238,0.900424238,0.914382708,0.980636928,0.918826437,0.900541796
BLR_1990,BLR,Belarus,112_1990,112,1990,,1,1,1,1,1,1,1,1
EST_1970,EST,Estonia,233_1970,233,1970,,0.378057337,0.378057337,0.421864856,0.421864856,0.363914985,0.523817231,0.362355466,0.478447482
EST_1971,EST,Estonia,233_1971,233,1971,,0.396392751,0.396392751,0.443531558,0.443531558,0.381220486,0.548862651,0.381101434,0.503432645
EST_1972,EST,Estonia,233_1972,233,1972,,0.406201968,0.406201968,0.465093776,0.465093776,0.393361266,0.619488091,0.400565502,0.578893172
EST_1973,EST,Estonia,233_1973,233,1973,,0.436094085,0.436094085,0.486293733,0.486293733,0.422212277,0.739695664,0.417294548,0.670977858
EST_1974,EST,Estonia,233_1974,233,1974,,0.458668115,0.458668115,0.514317861,0.514317861,0.441222657,0.740783001,0.441288528,0.679731161
EST_1975,EST,Estonia,233_1975,233,1975,,0.472406804,0.472406804,0.54512342,0.54512342,0.461361915,0.826889754,0.469694995,0.772071103
EST_1976,EST,Estonia,233_1976,233,1976,,0.503309403,0.503309403,0.569673792,0.569673792,0.488504478,0.832701396,0.493578559,0.771409954
EST_1977,EST,Estonia,233_1977,233,1977,,0.5311287,0.5311287,0.595313032,0.595313032,0.511204013,0.895925234,0.517187591,0.830845997
EST_1978,EST,Estonia,233_1978,233,1978,,0.560176605,0.560176605,0.621351604,0.621351604,0.540210813,1.02262431,0.544850227,0.945192149
EST_1979,EST,Estonia,233_1979,233,1979,,0.58097121,0.58097121,0.646635809,0.646635809,0.557933033,1.100971536,0.574768184,1.039137153
EST_1980,EST,Estonia,233_1980,233,1980,,0.611569622,0.611569622,0.693537647,0.693537647,0.587288959,1.151591,0.616518721,1.107313627
EST_1981,EST,Estonia,233_1981,233,1981,,0.646220502,0.646220502,0.722569466,0.722569466,0.620212889,1.114539314,0.65442828,1.07691693
EST_1982,EST,Estonia,233_1982,233,1982,,0.698029449,0.698029449,0.728237874,0.728237874,0.667947635,1.183604826,0.678228362,1.100250829
EST_1983,EST,Estonia,233_1983,233,1983,,0.761732911,0.761732911,0.778384556,0.778384556,0.729530157,1.159366317,0.728180594,1.059916769
EST_1984,EST,Estonia,233_1984,233,1984,,0.765382791,0.765382791,0.783147546,0.783147546,0.733025736,1.1643514,0.732636383,1.064818602
EST_1985,EST,Estonia,233_1985,233,1985,,0.77877774,0.77877774,0.800970358,0.800970358,0.74830348,1.138009731,0.753356143,1.048041658
EST_1986,EST,Estonia,233_1986,233,1986,,0.793458883,0.793458883,0.808735183,0.808735183,0.771635118,1.06309897,0.771964325,0.972651972
EST_1987,EST,Estonia,233_1987,233,1987,,0.812687792,0.812687792,0.823102702,0.823102702,0.799949627,1.002852188,0.797876187,0.914530222
EST_1988,EST,Estonia,233_1988,233,1988,,0.857859786,0.857859786,0.85847321,0.85847321,0.851682546,0.985007613,0.848282952,0.896780595
EST_1989,EST,Estonia,233_1989,233,1989,,0.919286894,0.919286894,0.90525356,0.90525356,0.919286894,0.985896461,0.923754456,0.905371748
EST_1990,EST,Estonia,233_1990,233,1990,,1,1,1,1,1,1,1,1
GEO_1970,GEO,Georgia,268_1970,268,1970,,0.370356376,0.370356376,0.413271544,0.413271544,0.356502101,0.513147168,0.35497435,0.468701592
GEO_1971,GEO,Georgia,268_1971,268,1971,,0.387664776,0.387664776,0.433765656,0.433765656,0.372826581,0.536777517,0.37271015,0.492347812
GEO_1972,GEO,Georgia,268_1972,268,1972,,0.395834042,0.395834042,0.453222692,0.453222692,0.383321087,0.603676237,0.390341442,0.564117464
GEO_1973,GEO,Georgia,268_1973,268,1973,,0.42292977,0.42292977,0.471614048,0.471614048,0.409467011,0.717366568,0.404697732,0.650723138
GEO_1974,GEO,Georgia,268_1974,268,1974,,0.444584355,0.444584355,0.498525332,0.498525332,0.427674573,0.718036685,0.427738422,0.658859489
GEO_1975,GEO,Georgia,268_1975,268,1975,,0.457914365,0.457914365,0.528400189,0.528400189,0.44720831,0.80152253,0.455285748,0.748385598
GEO_1976,GEO,Georgia,268_1976,268,1976,,0.488258802,0.488258802,0.552638678,0.552638678,0.473896593,0.807800895,0.478818942,0.748342268
GEO_1977,GEO,Georgia,268_1977,268,1977,,0.515951559,0.515951559,0.578301807,0.578301807,0.496596225,0.870323936,0.50240882,0.807104356
GEO_1978,GEO,Georgia,268_1978,268,1978,,0.545108896,0.545108896,0.604638401,0.604638401,0.525680147,0.995117618,0.530194769,0.919768238
GEO_1979,GEO,Georgia,268_1979,268,1979,,0.566338953,0.566338953,0.630349732,0.630349732,0.543881012,1.073242625,0.560292155,1.012965594
GEO_1980,GEO,Georgia,268_1980,268,1980,,0.597085099,0.597085099,0.677111779,0.677111779,0.573379503,1.124316516,0.601916983,1.081087815
GEO_1981,GEO,Georgia,268_1981,268,1981,,0.631714514,0.631714514,0.70634964,0.70634964,0.606290705,1.089520773,0.639738049,1.052742915
GEO_1982,GEO,Georgia,268_1982,268,1982,,0.683127516,0.683127516,0.712691034,0.712691034,0.653687906,1.158336552,0.663749154,1.076762043
GEO_1983,GEO,Georgia,268_1983,268,1983,,0.747621546,0.747621546,0.763964714,0.763964714,0.716015359,1.137888656,0.714690798,1.040281445
GEO_1984,GEO,Georgia,268_1984,268,1984,,0.751228651,0.751228651,0.768664884,0.768664884,0.719469971,1.142819177,0.719087818,1.045127028
GEO_1985,GEO,Georgia,268_1985,268,1985,,0.76615138,0.76615138,0.787984188,0.787984188,0.736171201,1.119559125,0.741141944,1.031049709
GEO_1986,GEO,Georgia,268_1986,268,1986,,0.782891237,0.782891237,0.79796408,0.79796408,0.761358131,1.048940135,0.761682953,0.959697752
GEO_1987,GEO,Georgia,268_1987,268,1987,,0.80455881,0.80455881,0.814869544,0.814869544,0.791948059,0.992821069,0.789895359,0.905382552
GEO_1988,GEO,Georgia,268_1988,268,1988,,0.852296302,0.852296302,0.852905749,0.852905749,0.846159124,0.978619537,0.842781577,0.890964698
GEO_1989,GEO,Georgia,268_1989,268,1989,,0.916467318,0.916467318,0.902477026,0.902477026,0.916467318,0.982872586,0.920921178,0.902594852
GEO_1990,GEO,Georgia,268_1990,268,1990,,1,1,1,1,1,1,1,1
KAZ_1970,KAZ,Kazakhstan,398_1970,398,1970,,0.438350908,0.438350908,0.489144965,0.489144965,0.421953097,0.607356971,0.420144862,0.554751536
KAZ_1971,KAZ,Kazakhstan,398_1971,398,1971,,0.464383698,0.464383698,0.519607951,0.519607951,0.446609023,0.643005875,0.44646955,0.589783524
KAZ_1972,KAZ,Kazakhstan,398_1972,398,1972,,0.48082353,0.48082353,0.550534092,0.550534092,0.465623919,0.733291502,0.474151614,0.685239069
KAZ_1973,KAZ,Kazakhstan,398_1973,398,1973,,0.521550726,0.521550726,0.581587456,0.581587456,0.50494865,0.884645822,0.499067247,0.802462132
KAZ_1974,KAZ,Kazakhstan,398_1974,398,1974,,0.542831892,0.542831892,0.608693145,0.608693145,0.522185262,0.876713739,0.52226322,0.804459129
KAZ_1975,KAZ,Kazakhstan,398_1975,398,1975,,0.553195418,0.553195418,0.638347661,0.638347661,0.540261689,0.968300244,0.550019849,0.904106785
KAZ_1976,KAZ,Kazakhstan,398_1976,398,1976,,0.583074118,0.583074118,0.659955967,0.659955967,0.565922902,0.964668313,0.571801126,0.893663373
KAZ_1977,KAZ,Kazakhstan,398_1977,398,1977,,0.60864359,0.60864359,0.68219522,0.68219522,0.58581102,1.02667988,0.592667863,0.952102738
KAZ_1978,KAZ,Kazakhstan,398_1978,398,1978,,0.634970111,0.634970111,0.704313057,0.704313057,0.612338533,1.159162783,0.61759739,1.071392056
KAZ_1979,KAZ,Kazakhstan,398_1979,398,1979,,0.651488751,0.651488751,0.725123634,0.725123634,0.625654229,1.234606049,0.644532809,1.165266288
KAZ_1980,KAZ,Kazakhstan,398_1980,398,1980,,0.678599883,0.678599883,0.769551902,0.769551902,0.65165797,1.277809574,0.684091421,1.228679239
KAZ_1981,KAZ,Kazakhstan,398_1981,398,1981,,0.709720263,0.709720263,0.793571528,0.793571528,0.681157056,1.224057629,0.718734565,1.182738345
KAZ_1982,KAZ,Kazakhstan,398_1982,398,1982,,0.75894813,0.75894813,0.791792915,0.791792915,0.726241005,1.286900818,0.737418955,1.19627232
KAZ_1983,KAZ,Kazakhstan,398_1983,398,1983,,0.824275358,0.824275358,0.842294194,0.842294194,0.789428582,1.254556646,0.787968212,1.146941745
KAZ_1984,KAZ,Kazakhstan,398_1984,398,1984,,0.815657454,0.815657454,0.834589099,0.834589099,0.781175005,1.240832574,0.780760077,1.1347619
KAZ_1985,KAZ,Kazakhstan,398_1985,398,1985,,0.821419974,0.821419974,0.844827756,0.844827756,0.789277085,1.200321831,0.794606409,1.105427526
KAZ_1986,KAZ,Kazakhstan,398_1986,398,1986,,0.828084064,0.828084064,0.844026995,0.844026995,0.805307948,1.10949078,0.80565152,1.015096831
KAZ_1987,KAZ,Kazakhstan,398_1987,398,1987,,0.839041521,0.839041521,0.849794165,0.849794165,0.825890285,1.035372543,0.823749608,0.944186484
KAZ_1988,KAZ,Kazakhstan,398_1988,398,1988,,0.876126071,0.876126071,0.876752557,0.876752557,0.8698173,1.005981238,0.866345319,0.915875615
KAZ_1989,KAZ,Kazakhstan,398_1989,398,1989,,0.92887992,0.92887992,0.914700144,0.914700144,0.92887992,0.996184578,0.933394103,0.914819566
KAZ_1990,KAZ,Kazakhstan,398_1990,398,1990,,1,1,1,1,1,1,1,1
KGZ_1970,KGZ,Kyrgyzstan,417_1970,417,1970,,0.392300079,0.392300079,0.437757981,0.437757981,0.377624935,0.543551258,0.376006663,0.496472272
KGZ_1971,KGZ,Kyrgyzstan,417_1971,417,1971,,0.412053047,0.412053047,0.461054167,0.461054167,0.39628137,0.570546578,0.396157615,0.523321768
KGZ_1972,KGZ,Kyrgyzstan,417_1972,417,1972,,0.422817582,0.422817582,0.484118349,0.484118349,0.409451633,0.644828134,0.416950558,0.602572686
KGZ_1973,KGZ,Kyrgyzstan,417_1973,417,1973,,0.454431933,0.454431933,0.506742487,0.506742487,0.439966393,0.770800022,0.434841872,0.699192619
KGZ_1974,KGZ,Kyrgyzstan,417_1974,417,1974,,0.476418986,0.476418986,0.534222427,0.534222427,0.458298373,0.769451974,0.458366793,0.706037372
KGZ_1975,KGZ,Kyrgyzstan,417_1975,417,1975,,0.489199038,0.489199038,0.564500448,0.564500448,0.477761546,0.856282485,0.486390834,0.799515243
KGZ_1976,KGZ,Kyrgyzstan,417_1976,417,1976,,0.519723574,0.519723574,0.58825227,0.58825227,0.504435824,0.859857859,0.509675383,0.79656755
KGZ_1977,KGZ,Kyrgyzstan,417_1977,417,1977,,0.546982768,0.546982768,0.613082987,0.613082987,0.526463333,0.922668392,5.33E-01,0.855646555
KGZ_1978,KGZ,Kyrgyzstan,417_1978,417,1978,,0.575426316,0.575426316,0.638266684,0.638266684,0.554916995,1.050463254,5.60E-01,0.970923154
KGZ_1979,KGZ,Kyrgyzstan,417_1979,417,1979,,0.595319415,0.595319415,0.662605728,0.662605728,0.571712266,1.128162152,5.89E-01,1.06480065
KGZ_1980,KGZ,Kyrgyzstan,417_1980,417,1980,,0.625154409,0.625154409,0.708943189,0.708943189,0.6003344,1.177171275,6.30E-01,1.131910369
KGZ_1981,KGZ,Kyrgyzstan,417_1981,417,1981,,0.659011679,0.659011679,0.736871881,0.736871881,0.632489275,1.136600312,6.67E-01,1.098233237
KGZ_1982,KGZ,Kyrgyzstan,417_1982,417,1982,,0.7101981,0.7101981,0.740933143,0.740933143,0.679591874,1.204238445,6.90E-01,1.119431349
KGZ_1983,KGZ,Kyrgyzstan,417_1983,417,1983,,0.784066019,0.784066019,0.801205871,0.801205871,0.750919119,1.193357567,7.50E-01,1.090992276
KGZ_1984,KGZ,Kyrgyzstan,417_1984,417,1984,,0.775251494,0.775251494,0.793245305,0.793245305,0.742477233,1.17936433,7.42E-01,1.078548175
KGZ_1985,KGZ,Kyrgyzstan,417_1985,417,1985,,0.787109862,0.787109862,0.809539918,0.809539918,0.756309559,1.150185266,7.61E-01,1.059254627
KGZ_1986,KGZ,Kyrgyzstan,417_1986,417,1986,,0.800241006,0.800241006,0.81564788,0.81564788,0.778230701,1.072185852,7.79E-01,0.980965755
KGZ_1987,KGZ,Kyrgyzstan,417_1987,417,1987,,0.817910632,0.817910632,0.828392475,0.828392475,0.805090604,1.009297144,8.03E-01,0.920407565
KGZ_1988,KGZ,Kyrgyzstan,417_1988,417,1988,,0.861563688,0.861563688,0.862179761,0.862179761,0.855359778,0.98926049,8.52E-01,0.900652542
KGZ_1989,KGZ,Kyrgyzstan,417_1989,417,1989,,0.921290547,0.921290547,0.907226627,0.907226627,0.921290547,0.988045295,9.26E-01,0.907345073
KGZ_1990,KGZ,Kyrgyzstan,417_1990,417,1990,,1,1,1,1,1,1,1.00E+00,1
LVA_1970,LVA,Latvia,428_1970,428,1970,,0.379922928,0.379922928,0.423946624,0.423946624,0.365710788,0.526402101,3.64E-01,0.480808467
LVA_1971,LVA,Latvia,428_1971,428,1971,,0.398420123,0.398420123,0.445800023,0.445800023,0.383170258,0.551669838,0.383050597,0.506007478
LVA_1972,LVA,Latvia,428_1972,428,1972,,0.408301849,0.408301849,0.467498102,0.467498102,0.395394767,0.622690567,0.402636246,0.581885789
LVA_1973,LVA,Latvia,428_1973,428,1973,,0.438321387,0.438321387,0.488777425,0.488777425,0.42436868,0.743473578,0.419425834,0.674404804
LVA_1974,LVA,Latvia,428_1974,428,1974,,0.460952511,0.460952511,0.51687942,0.51687942,0.443420166,0.74447247,0.443486365,0.683116561
LVA_1975,LVA,Latvia,428_1975,428,1975,,0.474670853,0.474670853,0.54773597,0.54773597,0.463573031,0.830852693,0.471946048,0.775771319
LVA_1976,LVA,Latvia,428_1976,428,1976,,0.505609644,0.505609644,0.572277333,0.572277333,0.490737057,0.836507035,0.495834328,0.774935476
LVA_1977,LVA,Latvia,428_1977,428,1977,,0.533421625,0.533421625,0.597883045,0.597883045,0.513410921,0.899793013,0.51942033,0.834432824
LVA_1978,LVA,Latvia,428_1978,428,1978,,0.56240922,0.56240922,0.623828036,0.623828036,0.542363854,1.026700037,0.547021758,0.948959266
LVA_1979,LVA,Latvia,428_1979,428,1979,,0.583030557,0.583030557,0.648927914,0.648927914,0.559910717,1.104874108,0.576805543,1.042820543
LVA_1980,LVA,Latvia,428_1980,428,1980,,0.613376196,0.613376196,0.695586354,0.695586354,0.589023808,1.154992795,0.618339914,1.110584626
LVA_1981,LVA,Latvia,428_1981,428,1981,,0.647663095,0.647663095,0.724182496,0.724182496,0.621597423,1.117027359,0.655889196,1.079320989
LVA_1982,LVA,Latvia,428_1982,428,1982,,0.699014091,0.699014091,0.729265128,0.729265128,0.668889844,1.185274422,0.679185073,1.101802845
LVA_1983,LVA,Latvia,428_1983,428,1983,,0.76115579,0.76115579,0.777794819,0.777794819,0.728977434,1.158487932,0.727628894,1.059113731
LVA_1984,LVA,Latvia,428_1984,428,1984,,0.765265678,0.765265678,0.783027715,0.783027715,0.732913574,1.16417324,0.73252428,1.064655672
LVA_1985,LVA,Latvia,428_1985,428,1985,,0.778233402,0.778233402,0.800410508,0.800410508,0.747780442,1.137214301,0.752829573,1.047309113
LVA_1986,LVA,Latvia,428_1986,428,1986,,0.792604014,0.792604014,0.807863856,0.807863856,0.770803762,1.061953593,0.771132614,0.971604042
LVA_1987,LVA,Latvia,428_1987,428,1987,,0.811637873,0.811637873,0.822039328,0.822039328,0.798916165,1.001556594,0.796845404,0.913348732
LVA_1988,LVA,Latvia,428_1988,428,1988,,0.856789007,0.856789007,0.857401665,0.857401665,0.850619477,0.983778128,0.847224127,0.895661235
LVA_1989,LVA,Latvia,428_1989,428,1989,,0.918515672,0.918515672,0.904494111,0.904494111,0.918515672,0.985069358,0.922979486,0.9046122
LVA_1990,LVA,Latvia,428_1990,428,1990,,1,1,1,1,1,1,1,1
LTU_1970,LTU,Lithuania,440_1970,440,1970,,0.3998366,0.3998366,0.446167798,0.446167798,0.38487953,0.553993482,0.383230169,0.506010056
LTU_1971,LTU,Lithuania,440_1971,440,1971,,0.420902592,0.420902592,0.470956095,0.470956095,0.404792192,0.582800044,0.404665779,0.534561
LTU_1972,LTU,Lithuania,440_1972,440,1972,,0.433043634,0.433043634,0.49582699,0.49582699,0.419354423,0.660423621,0.427034713,0.617146205
LTU_1973,LTU,Lithuania,440_1973,440,1973,,0.466766676,0.466766676,0.520497106,0.520497106,0.451908494,0.791722012,0.446644878,0.718170953
LTU_1974,LTU,Lithuania,440_1974,440,1974,,0.488966601,0.488966601,0.548292432,0.548292432,0.470368738,0.789717301,4.70E-01,0.724632526
LTU_1975,LTU,Lithuania,440_1975,440,1975,,0.501600776,0.501600776,0.578811162,0.578811162,0.489873332,0.877990197,4.99E-01,0.819783842
LTU_1976,LTU,Lithuania,440_1976,440,1976,,0.53227763,0.53227763,0.602461655,0.602461655,0.516620601,0.880627946,5.22E-01,0.815808844
LTU_1977,LTU,Lithuania,440_1977,440,1977,,0.559455473,0.559455473,0.627062958,0.627062958,0.538468139,0.943707758,5.45E-01,0.87515764
LTU_1978,LTU,Lithuania,440_1978,440,1978,,0.587693902,0.587693902,0.651873972,0.651873972,0.56674734,1.072858213,5.72E-01,0.991622387
LTU_1979,LTU,Lithuania,440_1979,440,1979,,0.607077392,0.607077392,0.675692656,0.675692656,0.583003984,1.150444147,6.01E-01,1.08583121
LTU_1980,LTU,Lithuania,440_1980,440,1980,,0.636496878,0.636496878,0.721805877,0.721805877,0.611226548,1.198529244,6.42E-01,1.152447148
LTU_1981,LTU,Lithuania,440_1981,440,1981,,0.669876991,0.669876991,0.749020896,0.749020896,0.642917305,1.155339763,6.78E-01,1.116340119
LTU_1982,LTU,Lithuania,440_1982,440,1982,,0.720693207,0.720693207,0.751882445,0.751882445,0.689634691,1.222034342,7.00E-01,1.13597399
LTU_1983,LTU,Lithuania,440_1983,440,1983,,0.784236019,0.784236019,0.801379587,0.801379587,0.751081931,1.193616308,7.50E-01,1.091228822
LTU_1984,LTU,Lithuania,440_1984,440,1984,,0.783939767,0.783939767,0.802135235,0.802135235,0.750798204,1.192581511,7.50E-01,1.090635506
LTU_1985,LTU,Lithuania,440_1985,440,1985,,0.794481027,0.794481027,0.817121138,0.817121138,0.763392284,1.160956578,7.69E-01,1.069174387
LTU_1986,LTU,Lithuania,440_1986,440,1986,,0.806242216,0.806242216,0.82176463,0.82176463,0.784066851,1.080226446,7.84E-01,0.988322266
LTU_1987,LTU,Lithuania,440_1987,440,1987,,0.822515552,0.822515552,0.833056409,0.833056409,0.809623346,1.014979589,8.08E-01,0.925589553
LTU_1988,LTU,Lithuania,440_1988,440,1988,,0.864798097,0.864798097,0.865416483,0.865416483,0.858570897,0.992974287,8.55E-01,0.904033696
LTU_1989,LTU,Lithuania,440_1989,440,1989,,0.923018204,0.923018204,0.90892791,0.90892791,0.923018204,0.989898134,0.9275039,0.909046578
LTU_1990,LTU,Lithuania,440_1990,440,1990,,1,1,1,1,1,1,1,1
MDA_1970,MDA,Moldova,498_1970,498,1970,,0.388091117,0.388091117,0.433061304,0.433061304,0.373573421,0.537719532,0.371972512,0.491145653
MDA_1971,MDA,Moldova,498_1971,498,1971,,0.407675793,0.407675793,0.456156372,0.456156372,0.392071659,0.564485642,0.391949218,0.517762502
MDA_1972,MDA,Moldova,498_1972,498,1972,,0.418549612,0.418549612,0.479231601,0.479231601,0.40531858,0.638319163,0.41274181,0.596490247
MDA_1973,MDA,Moldova,498_1973,498,1973,,0.450192147,0.450192147,0.502014651,0.502014651,0.435861568,0.763608566,0.430784858,0.69266925
MDA_1974,MDA,Moldova,498_1974,498,1974,,0.472609251,0.472609251,0.529950461,0.529950461,0.454633542,0.76329897,0.454701415,0.700391469
MDA_1975,MDA,Moldova,498_1975,498,1975,,0.485855278,0.485855278,0.56064199,0.56064199,0.474495964,0.850429647,0.483066269,0.794050418
MDA_1976,MDA,Moldova,498_1976,498,1976,,0.516669576,0.516669576,0.584795584,0.584795584,0.50147166,0.854805165,0.50668043,0.791886763
MDA_1977,MDA,Moldova,498_1977,498,1977,,0.544210062,0.544210062,0.609975213,0.609975213,0.523794643,0.917991302,0.529925592,0.851309205
MDA_1978,MDA,Moldova,498_1978,498,1978,,0.57289865,0.57289865,0.635462981,0.635462981,0.55247942,1.045848901,0.557224198,0.966658196
MDA_1979,MDA,Moldova,498_1979,498,1979,,0.59305877,0.59305877,0.660089572,0.660089572,0.569541266,1.123878108,0.586726685,1.060757213
MDA_1980,MDA,Moldova,498_1980,498,1980,,0.623124471,0.623124471,0.70664118,0.70664118,0.598385055,1.173348883,0.628167077,1.128234944
MDA_1981,MDA,Moldova,498_1981,498,1981,,0.657204247,0.657204247,0.734850907,0.734850907,0.630754585,1.133483027,0.665551532,1.095221179
MDA_1982,MDA,Moldova,498_1982,498,1982,,0.708563128,0.708563128,0.739227415,0.739227415,0.678027362,1.201466126,0.688463231,1.116854267
MDA_1983,MDA,Moldova,498_1983,498,1983,,0.774617537,0.774617537,0.791550843,0.791550843,0.741870078,1.178976868,0.740497687,1.077845142
MDA_1984,MDA,Moldova,498_1984,498,1984,,0.774031061,0.774031061,0.791996545,0.791996545,0.741308395,1.177507726,0.740914643,1.07685028
MDA_1985,MDA,Moldova,498_1985,498,1985,,0.786106805,0.786106805,0.808508278,0.808508278,0.755345753,1.148719523,0.760445966,1.057904762
MDA_1986,MDA,Moldova,498_1986,498,1986,,0.799425823,0.799425823,0.814817003,0.814817003,0.77743794,1.071093648,0.777769622,0.979966474
MDA_1987,MDA,Moldova,498_1987,498,1987,,0.817268617,0.817268617,0.827742232,0.827742232,0.804458652,1.008504901,0.802373525,0.919685096
MDA_1988,MDA,Moldova,498_1988,498,1988,,0.861084421,0.861084421,0.861700151,0.861700151,0.854883962,0.988710188,0.851471588,0.900151531
MDA_1989,MDA,Moldova,498_1989,498,1989,,0.921011825,0.921011825,0.906952159,0.906952159,0.921011825,0.987746378,0.92548777,0.907070569
MDA_1990,MDA,Moldova,498_1990,498,1990,,1,1,1,1,1,1,1,1
RUS_1970,RUS,Russia,643_1970,643,1970,,0.39487214,0.39487214,0.44062808,0.44062808,0.38010078,0.547114977,0.378471899,0.499727324
RUS_1971,RUS,Russia,643_1971,643,1971,,0.415297994,0.415297994,0.464685001,0.464685001,0.399402114,0.575039673,0.399277384,0.527442964
RUS_1972,RUS,Russia,643_1972,643,1972,,0.426887607,0.426887607,0.488778453,0.488778453,0.413392998,0.651035224,0.420964107,0.608373027
RUS_1973,RUS,Russia,643_1973,643,1973,,0.459710737,0.459710737,0.512628945,0.512628945,0.445077161,0.779753844,0.439893113,0.70731463
RUS_1974,RUS,Russia,643_1974,643,1974,,0.482013575,0.482013575,0.540495802,0.540495802,0.463680171,0.778487648,0.463749395,0.714328369
RUS_1975,RUS,Russia,643_1975,643,1975,,0.494914197,0.494914197,0.571095331,0.571095331,0.483343085,0.866286166,0.492073186,0.808855729
RUS_1976,RUS,Russia,643_1976,643,1976,,0.525650188,0.525650188,0.594960344,0.594960344,0.510188106,0.86966316,0.515487414,0.805651126
RUS_1977,RUS,Russia,643_1977,643,1977,,0.552977837,0.552977837,0.619802531,0.619802531,0.532233504,0.93278107,0.538463229,0.865024657
RUS_1978,RUS,Russia,643_1978,643,1978,,0.581400366,0.581400366,0.644893141,0.644893141,0.560678118,1.061369117,0.565493308,0.981003235
RUS_1979,RUS,Russia,643_1979,643,1979,,0.601108768,0.601108768,0.669049425,0.669049425,0.577272044,1.139133285,0.594690732,1.075155605
RUS_1980,RUS,Russia,643_1980,643,1980,,0.630801074,0.630801074,0.71534667,0.71534667,0.60575688,1.187803994,0.635905802,1.142134272
RUS_1981,RUS,Russia,643_1981,643,1981,,0.66448372,0.66448372,0.742990427,0.742990427,0.637741091,1.146037966,0.672923464,1.107352314
RUS_1982,RUS,Russia,643_1982,643,1982,,0.715541688,0.715541688,0.746507984,0.746507984,0.684705178,1.213299233,0.695243829,1.127854041
RUS_1983,RUS,Russia,643_1983,643,1983,,0.778905385,0.778905385,0.795932424,0.795932424,0.745976654,1.185503022,0.744596667,1.083811488
RUS_1984,RUS,Russia,643_1984,643,1984,,0.779760871,0.779760871,0.797859346,0.797859346,0.746795974,1.186224295,0.746399306,1.084821727
RUS_1985,RUS,Russia,643_1985,643,1985,,0.7909615,0.7909615,0.813501316,0.813501316,0.760010479,1.155813575,0.76514219,1.064437977
RUS_1986,RUS,Russia,643_1986,643,1986,,0.803381409,0.803381409,0.818848745,0.818848745,0.781284729,1.076393455,0.781618053,0.984815381
RUS_1987,RUS,Russia,643_1987,643,1987,,0.820306854,0.820306854,0.830819405,0.830819405,0.807449267,1.012254068,0.805356388,0.923104071
RUS_1988,RUS,Russia,643_1988,643,1988,,0.863224638,0.863224638,0.863841899,0.863841899,0.857008768,0.991167618,0.853587913,0.902388849
RUS_1989,RUS,Russia,643_1989,643,1989,,0.922160448,0.922160448,0.908083248,0.908083248,0.922160448,0.988978227,0.926641975,0.908201805
RUS_1990,RUS,Russia,643_1990,643,1990,,1,1,1,1,1,1,1,1
TJK_1970,TJK,Tajikistan,762_1970,762,1970,,0.430507217,0.430507217,0.480392383,0.480392383,0.414402822,0.596489147,0.412626943,0.544825014
TJK_1971,TJK,Tajikistan,762_1971,762,1971,,0.454730736,0.454730736,0.508807063,0.508807063,0.437325535,0.629639963,0.437188962,0.577523924
TJK_1972,TJK,Tajikistan,762_1972,762,1972,,0.469003882,0.469003882,0.537000812,0.537000812,0.454177909,0.715265662,0.462495976,0.668394459
TJK_1973,TJK,Tajikistan,762_1973,762,1973,,0.506621872,0.506621872,0.564940113,0.564940113,0.490495014,0.859323745,0.48478196,0.779492478
TJK_1974,TJK,Tajikistan,762_1974,762,1974,,0.526983518,0.526983518,0.590921903,0.590921903,0.506939681,0.85111744,0.507015363,0.780972355
TJK_1975,TJK,Tajikistan,762_1975,762,1975,,0.537305615,0.537305615,0.620011973,0.620011973,0.52474339,0.940487106,0.53422126,0.878137519
TJK_1976,TJK,Tajikistan,762_1976,762,1976,,0.567269405,0.567269405,0.642067307,0.642067307,0.550583087,0.938520169,0.556301977,0.869439878
TJK_1977,TJK,Tajikistan,762_1977,762,1977,,0.593655535,0.593655535,0.665395932,0.665395932,0.571385225,1.00139754,0.578073216,0.928656886
TJK_1978,TJK,Tajikistan,762_1978,762,1978,,0.621225632,0.621225632,0.68906759,0.68906759,0.599083934,1.134071698,0.604228958,1.048200845
TJK_1979,TJK,Tajikistan,762_1979,762,1979,,0.639326808,0.639326808,0.711587081,0.711587081,0.613974564,1.211558517,0.632500719,1.143513186
TJK_1980,TJK,Tajikistan,762_1980,762,1980,,0.667720019,0.667720019,0.757213822,0.757213822,0.641210061,1.257322694,0.673123512,1.208980057
TJK_1981,TJK,Tajikistan,762_1981,762,1981,,0.699914878,0.699914878,0.782607667,0.782607667,0.671746296,1.207146238,0.70880464,1.166397815
TJK_1982,TJK,Tajikistan,762_1982,762,1982,,0.749902746,0.749902746,0.782356076,0.782356076,0.717585435,1.271563128,0.728630163,1.182014768
TJK_1983,TJK,Tajikistan,762_1983,762,1983,,0.831337647,0.831337647,0.849510867,0.849510867,0.796192308,1.265305532,0.794719426,1.1567686
TJK_1984,TJK,Tajikistan,762_1984,762,1984,,0.808560064,0.808560064,0.827326976,0.827326976,0.774377662,1.23003555,0.773966344,1.124887843
TJK_1985,TJK,Tajikistan,762_1985,762,1985,,0.815545518,0.815545518,0.838785898,0.838785898,0.783632503,1.191737627,0.788923713,1.097521967
TJK_1986,TJK,Tajikistan,762_1986,762,1986,,0.823493563,0.823493563,0.839348115,0.839348115,0.800843707,1.103340296,0.801185375,1.009469622
TJK_1987,TJK,Tajikistan,762_1987,762,1987,,0.835758998,0.835758998,0.846469574,0.846469574,0.822659212,1.031321926,0.820526909,0.940492609
TJK_1988,TJK,Tajikistan,762_1988,762,1988,,0.874059742,0.874059742,0.87468475,0.87468475,0.86776585,1.003608648,0.864302058,0.913715538
TJK_1989,TJK,Tajikistan,762_1989,762,1989,,0.927926683,0.927926683,0.913761459,0.913761459,0.927926683,0.995162271,0.932436233,0.913880758
TJK_1990,TJK,Tajikistan,762_1990,762,1990,,1,1,1,1,1,1,1,1
TKM_1970,TKM,Turkmenistan,795_1970,795,1970,,0.438810161,0.438810161,0.489657434,0.489657434,0.42239517,0.607993289,0.42058504,0.555332739
TKM_1971,TKM,Turkmenistan,795_1971,795,1971,,0.46499753,0.46499753,0.520294779,0.520294779,0.447199359,0.643855813,0.447059702,0.590563112
TKM_1972,TKM,Turkmenistan,795_1972,795,1972,,0.481478893,0.481478893,0.55128447,0.55128447,0.466258565,0.734290978,0.474797883,0.68617305
TKM_1973,TKM,Turkmenistan,795_1973,795,1973,,0.522283724,0.522283724,0.582404832,0.582404832,0.505658316,0.885889123,0.499768647,0.80358993
TKM_1974,TKM,Turkmenistan,795_1974,795,1974,,0.543348063,0.543348063,0.609271943,0.609271943,0.5226818,0.877547394,0.522759833,0.805224077
TKM_1975,TKM,Turkmenistan,795_1975,795,1975,,0.553728118,0.553728118,0.638962359,0.638962359,0.540781935,0.96923267,0.550549492,0.904977396
TKM_1976,TKM,Turkmenistan,795_1976,795,1976,,0.583962322,0.583962322,0.660961286,0.660961286,0.566784979,0.966137804,0.572672157,0.895024701
TKM_1977,TKM,Turkmenistan,795_1977,795,1977,,0.610152058,0.610152058,0.68388598,0.68388598,0.5872629,1.029224414,0.594136737,0.95446244
TKM_1978,TKM,Turkmenistan,795_1978,795,1978,,0.637214515,0.637214515,0.706802565,0.706802565,0.614502942,1.16326003,0.619780387,1.075179063
TKM_1979,TKM,Turkmenistan,795_1979,795,1979,,0.654295063,0.654295063,0.728247131,0.728247131,0.628349258,1.23992416,0.647309158,1.170285715
TKM_1980,TKM,Turkmenistan,795_1980,795,1980,,0.68168459,0.68168459,0.773050049,0.773050049,0.654620208,1.283618104,0.687201091,1.234264438
TKM_1981,TKM,Turkmenistan,795_1981,795,1981,,0.712678317,0.712678317,0.796879067,0.796879067,0.683996061,1.229159396,0.72173019,1.187667898
TKM_1982,TKM,Turkmenistan,795_1982,795,1982,,0.761452992,0.761452992,0.794406179,0.794406179,0.728637919,1.291148157,0.739852762,1.200220545
TKM_1983,TKM,Turkmenistan,795_1983,795,1983,,0.836210878,0.836210878,0.854490627,0.854490627,0.800859519,1.272722646,0.799378004,1.163549479
TKM_1984,TKM,Turkmenistan,795_1984,795,1984,,0.816641194,0.816641194,0.835595671,0.835595671,0.782117157,1.242329105,0.781701728,1.136130502
TKM_1985,TKM,Turkmenistan,795_1985,795,1985,,0.821855251,0.821855251,0.845275438,0.845275438,0.78969533,1.200957892,0.795027478,1.106013303
TKM_1986,TKM,Turkmenistan,795_1986,795,1986,,0.828283545,0.828283545,0.844230317,0.844230317,0.805501942,1.109758051,0.805845598,1.015341363
TKM_1987,TKM,Turkmenistan,795_1987,795,1987,,0.839230789,0.839230789,0.849985858,0.849985858,0.826076586,1.035606098,0.823935426,0.94439947
TKM_1988,TKM,Turkmenistan,795_1988,795,1988,,0.876404504,0.876404504,0.877031189,0.877031189,0.870093729,1.00630094,0.866620644,0.916166681
TKM_1989,TKM,Turkmenistan,795_1989,795,1989,,0.929153892,0.929153892,0.914969933,0.914969933,0.929153892,0.996478401,0.933669406,0.91508939
TKM_1990,TKM,Turkmenistan,795_1990,795,1990,,1,1,1,1,1,1,1,1
UKR_1970,UKR,Ukraine,804_1970,804,1970,,0.397224941,0.397224941,0.443253513,0.443253513,0.382365568,0.5503749,0.380726981,0.502704893
UKR_1971,UKR,Ukraine,804_1971,804,1971,,0.418007613,0.418007613,0.467716847,0.467716847,0.402008021,0.57879153,0.401882477,0.530884275
UKR_1972,UKR,Ukraine,804_1972,804,1972,,0.429912386,0.429912386,0.492241769,0.492241769,0.416322159,0.655648236,0.423946914,0.61268375
UKR_1973,UKR,Ukraine,804_1973,804,1973,,0.463227086,0.463227086,0.516550067,0.516550067,0.448481577,0.785718217,0.443257875,0.712724912
UKR_1974,UKR,Ukraine,804_1974,804,1974,,0.485413528,0.485413528,0.544308268,0.544308268,0.466950807,0.783978825,0.467020519,0.719366989
UKR_1975,UKR,Ukraine,804_1975,804,1975,,0.498119004,0.498119004,0.574793447,0.574793447,0.486472963,0.871895785,0.495259596,0.814093459
UKR_1976,UKR,Ukraine,804_1976,804,1976,,0.528763407,0.528763407,0.598484061,0.598484061,0.513209749,0.874813833,0.518540443,0.810422681
UKR_1977,UKR,Ukraine,804_1977,804,1977,,0.555959892,0.555959892,0.623144953,0.623144953,0.535103691,0.937811298,0.541367011,0.869689494
UKR_1978,UKR,Ukraine,804_1978,804,1978,,0.584231494,0.584231494,0.648033446,0.648033446,0.563408339,1.066537451,0.568246976,0.985780228
UKR_1979,UKR,Ukraine,804_1979,804,1979,,0.603712081,0.603712081,0.671946979,0.671946979,0.579772124,1.144066703,0.59726625,1.079811945
UKR_1980,UKR,Ukraine,804_1980,804,1980,,0.633175972,0.633175972,0.718039873,0.718039873,0.608037489,1.192275948,0.638299919,1.146434284
UKR_1981,UKR,Ukraine,804_1981,804,1981,,0.666580917,0.666580917,0.745335401,0.745335401,0.639753884,1.14965501,0.675047297,1.110847261
UKR_1982,UKR,Ukraine,804_1982,804,1982,,0.717342877,0.717342877,0.748387123,0.748387123,0.686428745,1.216353397,0.696993924,1.130693119
UKR_1983,UKR,Ukraine,804_1983,804,1983,,0.777645218,0.777645218,0.79464471,0.79464471,0.744769761,1.183585033,0.743392007,1.082058023
UKR_1984,UKR,Ukraine,804_1984,804,1984,,0.780819244,0.780819244,0.798942284,0.798942284,0.747809603,1.187834363,0.747412397,1.08629416
UKR_1985,UKR,Ukraine,804_1985,804,1985,,0.791706468,0.791706468,0.814267512,0.814267512,0.760726295,1.156902179,0.765862839,1.065440518
UKR_1986,UKR,Ukraine,804_1986,804,1986,,0.803919231,0.803919231,0.819396922,0.819396922,0.781807759,1.077114044,0.782141305,0.985474663
UKR_1987,UKR,Ukraine,804_1987,804,1987,,0.820727288,0.820727288,0.831245227,0.831245227,0.807863111,1.012772881,0.805769159,0.923577192
UKR_1988,UKR,Ukraine,804_1988,804,1988,,0.863574471,0.863574471,0.864191981,0.864191981,0.857356081,0.9915693,0.85393384,0.902754553
UKR_1989,UKR,Ukraine,804_1989,804,1989,,0.922396708,0.922396708,0.908315901,0.908315901,0.922396708,0.989231606,0.926879384,0.90843449
UKR_1990,UKR,Ukraine,804_1990,804,1990,,1,1,1,1,1,1,1,1
UZB_1970,UZB,Uzbekistan,860_1970,860,1970,,0.404069591,0.404069591,0.450891289,0.450891289,0.388954173,0.559858502,0.387287352,0.511367085
UZB_1971,UZB,Uzbekistan,860_1971,860,1971,,0.424366454,0.424366454,0.474831877,0.474831877,0.408123472,0.587596257,0.407996018,0.538960225
UZB_1972,UZB,Uzbekistan,860_1972,860,1972,,0.434669817,0.434669817,0.49768894,0.49768894,0.4209292,0.66290367,0.428638331,0.619463737
UZB_1973,UZB,Uzbekistan,860_1973,860,1973,,0.466058717,0.466058717,0.519707653,0.519707653,0.451223071,0.790521184,0.445967438,0.717081682
UZB_1974,UZB,Uzbekistan,860_1974,860,1974,,0.486325377,0.486325377,0.545330751,0.545330751,0.467827974,0.785451529,0.467897817,0.720718319
UZB_1975,UZB,Uzbekistan,860_1975,860,1975,,0.497844019,0.497844019,0.574476134,0.574476134,0.486204408,0.871414458,0.49498619,0.813644041
UZB_1976,UZB,Uzbekistan,860_1976,860,1976,,0.528263214,0.528263214,0.597917913,0.597917913,0.512724269,0.873986286,0.51804992,0.809656047
UZB_1977,UZB,Uzbekistan,860_1977,860,1977,,0.556056343,0.556056343,0.623253059,0.623253059,0.535196523,0.937973994,0.54146093,0.869840372
UZB_1978,UZB,Uzbekistan,860_1978,860,1978,,0.585449098,0.585449098,0.64938402,0.64938402,0.564582545,1.068760235,0.569431266,0.987834704
UZB_1979,UZB,Uzbekistan,860_1979,860,1979,,0.606016034,0.606016034,0.674511338,0.674511338,0.581984715,1.148432817,0.599545604,1.083932844
UZB_1980,UZB,Uzbekistan,860_1980,860,1980,,0.636179695,0.636179695,0.721446182,0.721446182,0.610921958,1.197931986,0.64132795,1.151872854
UZB_1981,UZB,Uzbekistan,860_1981,860,1981,,0.66978773,0.66978773,0.748921089,0.748921089,0.642831637,1.155185815,0.678294841,1.116191368
UZB_1982,UZB,Uzbekistan,860_1982,860,1982,,0.720435931,0.720435931,0.751614034,0.751614034,0.689388502,1.221598094,0.699999236,1.135568464
UZB_1983,UZB,Uzbekistan,860_1983,860,1983,,0.797330628,0.797330628,0.814760447,0.814760447,0.763622958,1.213546456,0.762210327,1.109449377
UZB_1984,UZB,Uzbekistan,860_1984,860,1984,,0.782738489,0.782738489,0.800906075,0.800906075,0.749647711,1.190754047,0.749249529,1.08896426
UZB_1985,UZB,Uzbekistan,860_1985,860,1985,,0.792949058,0.792949058,0.815545512,0.815545512,0.761920261,1.158717946,0.767064867,1.067112736
UZB_1986,UZB,Uzbekistan,860_1986,860,1986,,0.804504759,0.804504759,0.819993723,0.819993723,0.782377182,1.077898551,0.782710971,0.986192425
UZB_1987,UZB,Uzbekistan,860_1987,860,1987,,0.820658685,0.820658685,0.831175746,0.831175746,0.807795584,1.012688226,0.805701807,0.923499992
UZB_1988,UZB,Uzbekistan,860_1988,860,1988,,0.863022586,0.863022586,0.863639702,0.863639702,0.85680817,0.990935618,0.853388117,0.90217763
UZB_1989,UZB,Uzbekistan,860_1989,860,1989,,0.921785089,0.921785089,0.907713619,0.907713619,0.921785089,0.988575671,0.926264793,0.907832129
UZB_1990,UZB,Uzbekistan,860_1990,860,1990,,1,1,1,1,1,1,1,1
BIH_1970,BIH,Bosnia and Herzegovina,70_1970,70,1970,,0.66484567,0.66484567,0.533841572,0.533841572,5.52929E-05,0.178772681,4.43978E-05,0.133677152
BIH_1971,BIH,Bosnia and Herzegovina,70_1971,70,1971,,0.713332995,0.713332995,0.563205752,0.563205752,7.0296E-05,0.190689242,5.55016E-05,0.140417493
BIH_1972,BIH,Bosnia and Herzegovina,70_1972,70,1972,,0.728567255,0.728567255,0.601655565,0.601655565,8.39158E-05,0.198917622,6.92982E-05,0.153282736
BIH_1973,BIH,Bosnia and Herzegovina,70_1973,70,1973,,0.738532524,0.738532524,0.60477803,0.60477803,0.000103027,0.255326631,8.43679E-05,0.195304721
BIH_1974,BIH,Bosnia and Herzegovina,70_1974,70,1974,,0.836360143,0.836360143,0.659260513,0.659260513,0.000137725,0.348537386,0.000108562,0.256854332
BIH_1975,BIH,Bosnia and Herzegovina,70_1975,70,1975,,0.837290699,0.837290699,0.653799236,0.653799236,0.000167729,0.389447833,0.000130972,0.284277903
BIH_1976,BIH,Bosnia and Herzegovina,70_1976,70,1976,,0.854945183,0.854945183,0.671498184,0.671498184,0.00019252,0.426890307,0.00015121,0.313897163
BIH_1977,BIH,Bosnia and Herzegovina,70_1977,70,1977,,0.92665173,0.92665173,0.725409033,0.725409033,0.000235211,0.518446138,0.00018413,0.380075941
BIH_1978,BIH,Bosnia and Herzegovina,70_1978,70,1978,,1.007379933,1.007379933,0.803052763,0.803052763,0.000284319,0.61673011,0.000226651,0.459995321
BIH_1979,BIH,Bosnia and Herzegovina,70_1979,70,1979,,1.058088368,1.058088368,0.838559867,0.838559867,0.000363856,0.77247872,0.000288365,0.573554689
BIH_1980,BIH,Bosnia and Herzegovina,70_1980,70,1980,,1.106144259,1.106144259,0.861050273,0.861050273,0.000495326,0.809524376,0.000385574,0.589697431
BIH_1981,BIH,Bosnia and Herzegovina,70_1981,70,1981,,1.145005991,1.145005991,0.885654071,0.885654071,0.00070705,0.812293268,0.000546898,0.587988784
BIH_1982,BIH,Bosnia and Herzegovina,70_1982,70,1982,,1.159104688,1.159104688,0.903253127,0.903253127,0.000933354,0.742342875,0.000727333,0.542080206
BIH_1983,BIH,Bosnia and Herzegovina,70_1983,70,1983,,1.171517865,1.171517865,0.90563514,0.90563514,0.001985489,0.822734318,0.001534871,0.595884103
BIH_1984,BIH,Bosnia and Herzegovina,70_1984,70,1984,,1.159237025,1.159237025,0.896373268,0.896373268,0.001964675,0.815301027,0.001519174,0.590675822
BIH_1985,BIH,Bosnia and Herzegovina,70_1985,70,1985,,1.173414881,1.173414881,0.886998067,0.886998067,0.003536848,0.867563093,0.002673545,0.614583938
BIH_1986,BIH,Bosnia and Herzegovina,70_1986,70,1986,,1.211984467,1.211984467,0.925866904,0.925866904,0.006870812,0.93142535,0.005248795,0.667134347
BIH_1987,BIH,Bosnia and Herzegovina,70_1987,70,1987,,1.212275091,1.212275091,0.929682079,0.929682079,0.015085409,0.975767728,0.011568855,0.701931783
BIH_1988,BIH,Bosnia and Herzegovina,70_1988,70,1988,,1.16874045,1.16874045,0.887139209,0.887139209,0.044801218,0.993967788,0.034006624,0.708497132
BIH_1989,BIH,Bosnia and Herzegovina,70_1989,70,1989,,1.186967186,1.186967186,0.850688471,0.850688471,0.666473829,1.064105511,0.477655664,0.71724738
BIH_1990,BIH,Bosnia and Herzegovina,70_1990,70,1990,,1,1,1,1,1,1,1,1
HRV_1970,HRV,Croatia,191_1970,191,1970,,0.608723413,0.608723413,0.488777889,0.488777889,5.06254E-05,0.163681771,4.065E-05,0.122392934
HRV_1971,HRV,Croatia,191_1971,191,1971,,0.665277582,0.665277582,0.525264026,0.525264026,6.55604E-05,0.177842997,5.17626E-05,0.130957927
HRV_1972,HRV,Croatia,191_1972,191,1972,,0.670135507,0.670135507,0.553402248,0.553402248,7.71857E-05,0.18296425,6.37404E-05,0.140989323
HRV_1973,HRV,Croatia,191_1973,191,1973,,0.682630495,0.682630495,0.559000332,0.559000332,9.52285E-05,0.236000094,7.79818E-05,0.180521445
HRV_1974,HRV,Croatia,191_1974,191,1974,,0.785772372,0.785772372,0.619384725,0.619384725,0.000129395,0.327455882,0.000101995,0.241318335
HRV_1975,HRV,Croatia,191_1975,191,1975,,0.784790465,0.784790465,0.612804379,0.612804379,0.000157212,0.365028474,0.000122759,0.266452963
HRV_1976,HRV,Croatia,191_1976,191,1976,,0.827820978,0.827820978,0.650194064,0.650194064,0.000186412,0.413346678,0.000146413,0.303938383
HRV_1977,HRV,Croatia,191_1977,191,1977,,0.902709587,0.902709587,0.70666645,0.70666645,0.000229134,0.505050909,0.000179372,0.370255819
HRV_1978,HRV,Croatia,191_1978,191,1978,,0.991623809,0.991623809,0.790492458,0.790492458,0.000279872,0.607084021,0.000223106,0.452800673
HRV_1979,HRV,Croatia,191_1979,191,1979,,1.029154579,1.029154579,0.815629161,0.815629161,0.000353906,0.751355025,0.000280479,0.557870639
HRV_1980,HRV,Croatia,191_1980,191,1980,,1.055097277,1.055097277,0.821314029,0.821314029,0.000472468,0.772165979,0.000367781,0.562483734
HRV_1981,HRV,Croatia,191_1981,191,1981,,1.070982552,1.070982552,0.828397462,0.828397462,0.00066134,0.759779358,0.000511541,0.549975924
HRV_1982,HRV,Croatia,191_1982,191,1982,,1.06242104,1.06242104,0.827910659,0.827910659,0.000855501,0.68042231,0.000666664,0.496864021
HRV_1983,HRV,Croatia,191_1983,191,1983,,1.057431848,1.057431848,0.817441602,0.817441602,0.001792136,0.742613917,0.0013854,0.537855075
HRV_1984,HRV,Croatia,191_1984,191,1984,,1.060972646,1.060972646,0.820390909,0.820390909,0.001798137,0.746190872,0.001390399,0.540606344
HRV_1985,HRV,Croatia,191_1985,191,1985,,1.070184569,1.070184569,0.808965064,0.808965064,0.003225696,0.791239868,0.002438341,0.560516368
HRV_1986,HRV,Croatia,191_1986,191,1986,,1.106678385,1.106678385,0.84542081,0.84542081,0.006273826,0.850496297,0.004792741,0.609168831
HRV_1987,HRV,Croatia,191_1987,191,1987,,1.13844858,1.13844858,0.87306524,0.87306524,0.014166721,0.916344312,0.010864322,0.65918474
HRV_1988,HRV,Croatia,191_1988,191,1988,,1.126098665,1.126098665,0.854771715,0.854771715,0.043166635,0.957702627,0.032765884,0.682647438
HRV_1989,HRV,Croatia,191_1989,191,1989,,1.118667681,1.118667681,0.801738844,0.801738844,0.628124132,1.002875614,0.450170789,0.675976112
HRV_1990,HRV,Croatia,191_1990,191,1990,,1,1,1,1,1,1,1,1
XKX_1970,XKX,Kosovo,412_1970,412,1970,,0.541498264,0.541498264,0.434799078,0.434799078,4.50346E-05,0.145605365,3.61607E-05,0.108876314
XKX_1971,XKX,Kosovo,412_1971,412,1971,,0.598121991,0.598121991,0.472241923,0.472241923,5.89425E-05,0.159890864,4.65375E-05,0.117738547
XKX_1972,XKX,Kosovo,412_1972,412,1972,,0.612399262,0.612399262,0.505723283,0.505723283,7.05357E-05,0.167200768,5.82488E-05,0.128842237
XKX_1973,XKX,Kosovo,412_1973,412,1973,,0.632977521,0.632977521,0.518339932,0.518339932,8.83018E-05,0.218833989,7.23096E-05,0.16739073
XKX_1974,XKX,Kosovo,412_1974,412,1974,,0.727405582,0.727405582,0.573377128,0.573377128,0.000119783,0.303132618,9.44191E-05,0.223393327
XKX_1975,XKX,Kosovo,412_1975,412,1975,,0.726149172,0.726149172,0.567014269,0.567014269,0.000145465,0.337752733,0.000113587,0.246543004
XKX_1976,XKX,Kosovo,412_1976,412,1976,,0.773448755,0.773448755,0.607488579,0.607488579,0.000174168,0.386197598,0.000136797,0.283975365
XKX_1977,XKX,Kosovo,412_1977,412,1977,,0.841828053,0.841828053,0.659006673,0.659006673,0.00021368,0.470988709,0.000167275,0.345284618
XKX_1978,XKX,Kosovo,412_1978,412,1978,,0.90540241,0.90540241,0.721759371,0.721759371,0.000255538,0.554298244,0.000203707,0.413429788
XKX_1979,XKX,Kosovo,412_1979,412,1979,,0.963889058,0.963889058,0.763904704,0.763904704,0.000331463,0.703706618,0.000262692,0.522492361
XKX_1980,XKX,Kosovo,412_1980,412,1980,,0.982599165,0.982599165,0.764879691,0.764879691,0.000440003,0.719108714,0.00034251,0.523834209
XKX_1981,XKX,Kosovo,412_1981,412,1981,,1.008041504,1.008041504,0.779713004,0.779713004,0.000622473,0.715127549,0.000481478,0.517654146
XKX_1982,XKX,Kosovo,412_1982,412,1982,,1.030968585,1.030968585,0.803400769,0.803400769,0.000830174,0.66027874,0.000646928,0.482154604
XKX_1983,XKX,Kosovo,412_1983,412,1983,,1.02559977,1.02559977,0.792833997,0.792833997,0.001738187,0.720258865,0.001343695,0.521663918
XKX_1984,XKX,Kosovo,412_1984,412,1984,,1.02373007,1.02373007,0.791593305,0.791593305,0.001735018,0.71999786,0.001341593,0.52162982
XKX_1985,XKX,Kosovo,412_1985,412,1985,,1.033783483,1.033783483,0.781449056,0.781449056,0.003115978,0.764326762,0.002355404,0.541451054
XKX_1986,XKX,Kosovo,412_1986,412,1986,,1.082892598,1.082892598,0.827250219,0.827250219,0.006138983,0.83221662,0.004689731,0.596075994
XKX_1987,XKX,Kosovo,412_1987,412,1987,,1.102432778,1.102432778,0.845445068,0.845445068,0.013718545,0.88735497,0.01052062,0.638330863
XKX_1988,XKX,Kosovo,412_1988,412,1988,,1.090889923,1.090889923,0.828046315,0.828046315,0.041816981,0.927758976,0.031741422,0.661303698
XKX_1989,XKX,Kosovo,412_1989,412,1989,,1.13219677,1.13219677,0.811435018,0.811435018,0.635720621,1.015004321,0.455615123,0.68415132
XKX_1990,XKX,Kosovo,412_1990,412,1990,,1,1,1,1,1,1,1,1
MNE_1970,MNE,Montenegro,499_1970,499,1970,,0.684536751,0.684536751,0.549652636,0.549652636,5.69306E-05,0.184067485,4.57127E-05,0.137636338
MNE_1971,MNE,Montenegro,499_1971,499,1971,,0.731442407,0.731442407,0.577503878,0.577503878,7.20806E-05,0.195530277,5.69106E-05,0.143982277
MNE_1972,MNE,Montenegro,499_1972,499,1972,,0.745522845,0.745522845,0.615657601,0.615657601,8.58687E-05,0.203546935,7.0911E-05,0.15685001
MNE_1973,MNE,Montenegro,499_1973,499,1973,,0.769227978,0.769227978,0.629914277,0.629914277,0.000107309,0.265938712,8.78745E-05,0.203422125
MNE_1974,MNE,Montenegro,499_1974,499,1974,,0.854583036,0.854583036,0.6736247,0.6736247,0.000140726,0.356131434,0.000110927,0.262450759
MNE_1975,MNE,Montenegro,499_1975,499,1975,,0.860974432,0.860974432,0.672292702,0.672292702,0.000172474,0.400463815,0.000134676,0.292319032
MNE_1976,MNE,Montenegro,499_1976,499,1976,,0.902730833,0.902730833,0.709030388,0.709030388,0.00020328,0.450750586,0.000159662,0.33144189
MNE_1977,MNE,Montenegro,499_1977,499,1977,,0.957716799,0.957716799,0.749727643,0.749727643,0.000243096,0.535826524,0.000190303,0.392817605
MNE_1978,MNE,Montenegro,499_1978,499,1978,,1.049943175,1.049943175,0.83698289,0.83698289,0.000296332,0.642787839,0.000236227,0.479430781
MNE_1979,MNE,Montenegro,499_1979,499,1979,,1.093720846,1.093720846,0.866799443,0.866799443,0.000376109,0.798492929,0.000298076,0.592869876
MNE_1980,MNE,Montenegro,499_1980,499,1980,,1.106504927,1.106504927,0.861331025,0.861331025,0.000495488,0.809788328,0.0003857,0.589889706
MNE_1981,MNE,Montenegro,499_1981,499,1981,,1.13147299,1.13147299,0.875186389,0.875186389,0.000698693,0.802692649,0.000540434,0.581039254
MNE_1982,MNE,Montenegro,499_1982,499,1982,,1.119913947,1.119913947,0.872713039,0.872713039,0.000901796,0.717243358,0.000702741,0.523751814
MNE_1983,MNE,Montenegro,499_1983,499,1983,,1.095735229,1.095735229,0.84705181,0.84705181,0.001857052,0.76951364,0.001435584,0.557337813
MNE_1984,MNE,Montenegro,499_1984,499,1984,,1.099685605,1.099685605,0.850325479,0.850325479,0.001863747,0.773418018,0.001441132,0.560332085
MNE_1985,MNE,Montenegro,499_1985,499,1985,,1.089076683,1.089076683,0.823245834,0.823245834,0.00328264,0.805207733,0.002481386,0.57041124
MNE_1986,MNE,Montenegro,499_1986,499,1986,,1.161288215,1.161288215,0.887138699,0.887138699,0.006583412,0.89246464,0.005029242,0.639228699
MNE_1987,MNE,Montenegro,499_1987,499,1987,,1.167524162,1.167524162,0.895363023,0.895363023,0.014528534,0.939747427,0.011141793,0.67602009
MNE_1988,MNE,Montenegro,499_1988,499,1988,,1.117061505,1.117061505,0.847912006,0.847912006,0.042820214,0.950016877,0.032502932,0.67716906
MNE_1989,MNE,Montenegro,499_1989,499,1989,,1.167359782,1.167359782,0.836636025,0.836636025,0.655464408,1.046527648,0.469765313,0.705399235
MNE_1990,MNE,Montenegro,499_1990,499,1990,,1,1,1,1,1,1,1,1
MKD_1970,MKD,North Macedonia,807_1970,807,1970,,0.665484412,0.665484412,0.534354454,0.534354454,5.53461E-05,0.178944435,4.44404E-05,0.133805581
MKD_1971,MKD,North Macedonia,807_1971,807,1971,,0.695037949,0.695037949,0.54876106,0.54876106,6.84931E-05,0.185798583,5.40781E-05,0.136816167
MKD_1972,MKD,North Macedonia,807_1972,807,1972,,0.713356256,0.713356256,0.589094223,0.589094223,8.21638E-05,0.194764627,6.78514E-05,0.150082505
MKD_1973,MKD,North Macedonia,807_1973,807,1973,,0.692885749,0.692885749,0.567398272,0.567398272,9.66591E-05,0.239545556,7.91533E-05,0.183233444
MKD_1974,MKD,North Macedonia,807_1974,807,1974,,0.773964727,0.773964727,0.610077353,0.610077353,0.00012745,0.322535267,0.000100463,0.237692093
MKD_1975,MKD,North Macedonia,807_1975,807,1975,,0.77097356,0.77097356,0.602015436,0.602015436,0.000154444,0.358601837,0.000120598,0.261761832
MKD_1976,MKD,North Macedonia,807_1976,807,1976,,0.816102723,0.816102723,0.640990214,0.640990214,0.000183773,0.407495531,0.000144341,0.29963597
MKD_1977,MKD,North Macedonia,807_1977,807,1977,,0.904209182,0.904209182,0.707840375,0.707840375,0.000229514,0.505889907,0.00017967,0.370870894
MKD_1978,MKD,North Macedonia,807_1978,807,1978,,0.969328858,0.969328858,0.772719599,0.772719599,0.00027358,0.593434784,0.00021809,0.442620231
MKD_1979,MKD,North Macedonia,807_1979,807,1979,,0.944697396,0.944697396,0.748694861,0.748694861,0.000324863,0.689695358,0.000257462,0.512089196
MKD_1980,MKD,North Macedonia,807_1980,807,1980,,1.170212308,1.170212308,0.91092244,0.91092244,0.000524016,0.856412154,0.000407907,0.623852798
MKD_1981,MKD,North Macedonia,807_1981,807,1981,,1.127232222,1.127232222,0.871906185,0.871906185,0.000696074,0.799684152,0.000538408,0.578861515
MKD_1982,MKD,North Macedonia,807_1982,807,1982,,1.150441109,1.150441109,0.896501877,0.896501877,0.000926378,0.736794328,0.000721896,0.538028497
MKD_1983,MKD,North Macedonia,807_1983,807,1983,,1.14871977,1.14871977,0.888011204,0.888011204,0.001946851,0.806723658,0.001505002,0.584288017
MKD_1984,MKD,North Macedonia,807_1984,807,1984,,1.157852531,1.157852531,0.895302716,0.895302716,0.001962329,0.8143273,0.001517359,0.589970369
MKD_1985,MKD,North Macedonia,807_1985,807,1985,,1.165659995,1.165659995,0.881136057,0.881136057,0.003513473,0.861829526,0.002655876,0.610522264
MKD_1986,MKD,North Macedonia,807_1986,807,1986,,1.207953258,1.207953258,0.922787356,0.922787356,0.006847959,0.928327314,0.005231337,0.664915376
MKD_1987,MKD,North Macedonia,807_1987,807,1987,,1.178850884,1.178850884,0.904049377,0.904049377,0.014669483,0.948864376,0.011249885,0.682578491
MKD_1988,MKD,North Macedonia,807_1988,807,1988,,1.133560241,1.133560241,0.860435467,0.860435467,0.043452659,0.964048403,0.032982992,0.687170688
MKD_1989,MKD,North Macedonia,807_1989,807,1989,,1.14521342,1.14521342,0.820763931,0.820763931,0.64302938,1.026673632,0.460853243,0.692016877
MKD_1990,MKD,North Macedonia,807_1990,807,1990,,1,1,1,1,1,1,1,1
SRB_1970,SRB,Serbia,688_1970,688,1970,,0.541498264,0.541498264,0.434799078,0.434799078,4.50346E-05,0.145605365,3.61607E-05,0.108876314
SRB_1971,SRB,Serbia,688_1971,688,1971,,0.598121991,0.598121991,0.472241923,0.472241923,5.89425E-05,0.159890864,4.65375E-05,0.117738547
SRB_1972,SRB,Serbia,688_1972,688,1972,,0.612399262,0.612399262,0.505723283,0.505723283,7.05357E-05,0.167200768,5.82488E-05,0.128842237
SRB_1973,SRB,Serbia,688_1973,688,1973,,0.632977521,0.632977521,0.518339932,0.518339932,8.83018E-05,0.218833989,7.23096E-05,0.16739073
SRB_1974,SRB,Serbia,688_1974,688,1974,,0.727405582,0.727405582,0.573377128,0.573377128,0.000119783,0.303132618,9.44191E-05,0.223393327
SRB_1975,SRB,Serbia,688_1975,688,1975,,0.726149172,0.726149172,0.567014269,0.567014269,0.000145465,0.337752733,0.000113587,0.246543004
SRB_1976,SRB,Serbia,688_1976,688,1976,,0.773448755,0.773448755,0.607488579,0.607488579,0.000174168,0.386197598,0.000136797,0.283975365
SRB_1977,SRB,Serbia,688_1977,688,1977,,0.841828053,0.841828053,0.659006673,0.659006673,0.00021368,0.470988709,0.000167275,0.345284618
SRB_1978,SRB,Serbia,688_1978,688,1978,,0.90540241,0.90540241,0.721759371,0.721759371,0.000255538,0.554298244,0.000203707,0.413429788
SRB_1979,SRB,Serbia,688_1979,688,1979,,0.963889058,0.963889058,0.763904704,0.763904704,0.000331463,0.703706618,0.000262692,0.522492361
SRB_1980,SRB,Serbia,688_1980,688,1980,,0.982599165,0.982599165,0.764879691,0.764879691,0.000440003,0.719108714,0.00034251,0.523834209
SRB_1981,SRB,Serbia,688_1981,688,1981,,1.008041504,1.008041504,0.779713004,0.779713004,0.000622473,0.715127549,0.000481478,0.517654146
SRB_1982,SRB,Serbia,688_1982,688,1982,,1.030968585,1.030968585,0.803400769,0.803400769,0.000830174,0.66027874,0.000646928,0.482154604
SRB_1983,SRB,Serbia,688_1983,688,1983,,1.02559977,1.02559977,0.792833997,0.792833997,0.001738187,0.720258865,0.001343695,0.521663918
SRB_1984,SRB,Serbia,688_1984,688,1984,,1.02373007,1.02373007,0.791593305,0.791593305,0.001735018,0.71999786,0.001341593,0.52162982
SRB_1985,SRB,Serbia,688_1985,688,1985,,1.033783483,1.033783483,0.781449056,0.781449056,0.003115978,0.764326762,0.002355404,0.541451054
SRB_1986,SRB,Serbia,688_1986,688,1986,,1.082892598,1.082892598,0.827250219,0.827250219,0.006138983,0.83221662,0.004689731,0.596075994
SRB_1987,SRB,Serbia,688_1987,688,1987,,1.102432778,1.102432778,0.845445068,0.845445068,0.013718545,0.88735497,0.01052062,0.638330863
SRB_1988,SRB,Serbia,688_1988,688,1988,,1.090889923,1.090889923,0.828046315,0.828046315,0.041816981,0.927758976,0.031741422,0.661303698
SRB_1989,SRB,Serbia,688_1989,688,1989,,1.13219677,1.13219677,0.811435018,0.811435018,0.635720621,1.015004321,0.455615123,0.68415132
SRB_1990,SRB,Serbia,688_1990,688,1990,,1,1,1,1,1,1,1,1
SVN_1970,SVN,Slovenia,705_1970,705,1970,,0.609279672,0.609279672,0.489224541,0.489224541,5.06717E-05,0.163831345,4.06871E-05,0.122504778
SVN_1971,SVN,Slovenia,705_1971,705,1971,,0.660160081,0.660160081,0.521223548,0.521223548,6.5056E-05,0.176474979,5.13644E-05,0.129950562
SVN_1972,SVN,Slovenia,705_1972,705,1972,,0.679153095,0.679153095,0.560849031,0.560849031,7.82243E-05,0.185426284,6.45982E-05,0.142886527
SVN_1973,SVN,Slovenia,705_1973,705,1973,,0.7063473,0.7063473,0.578421823,0.578421823,9.8537E-05,0.244199505,8.06912E-05,0.186793347
SVN_1974,SVN,Slovenia,705_1974,705,1974,,0.818236158,0.818236158,0.644974289,0.644974289,0.00013474,0.340984555,0.000106209,0.251288279
SVN_1975,SVN,Slovenia,705_1975,705,1975,,0.835721443,0.835721443,0.652573882,0.652573882,0.000167415,0.388717928,0.000130726,0.283745108
SVN_1976,SVN,Slovenia,705_1976,705,1976,,0.862237832,0.862237832,0.677226037,0.677226037,0.000194162,0.430531664,0.0001525,0.316574693
SVN_1977,SVN,Slovenia,705_1977,705,1977,,0.927197382,0.927197382,0.725836185,0.725836185,0.00023535,0.518751421,0.000184238,0.380299746
SVN_1978,SVN,Slovenia,705_1978,705,1978,,1.023525025,1.023525025,0.815923142,0.815923142,0.000288876,0.62661433,0.000230283,0.467367581
SVN_1979,SVN,Slovenia,705_1979,705,1979,,1.074966875,1.074966875,0.851936481,0.851936481,0.00036966,0.784801215,0.000292964,0.582703969
SVN_1980,SVN,Slovenia,705_1980,705,1980,,1.075655528,1.075655528,0.837317084,0.837317084,0.000481674,0.787211399,0.000374947,0.573443559
SVN_1981,SVN,Slovenia,705_1981,705,1981,,1.069146661,1.069146661,0.826977412,0.826977412,0.000660206,0.758476935,0.000510665,0.549033149
SVN_1982,SVN,Slovenia,705_1982,705,1982,,1.064848776,1.064848776,0.829802516,0.829802516,0.000857456,0.681977142,0.000668188,0.497999404
SVN_1983,SVN,Slovenia,705_1983,705,1983,,1.092240679,1.092240679,0.844350368,0.844350368,0.00185113,0.767059485,0.001431005,0.555560335
SVN_1984,SVN,Slovenia,705_1984,705,1984,,1.089252048,1.089252048,0.842257792,0.842257792,0.001846065,0.766080011,0.001427459,0.555015786
SVN_1985,SVN,Slovenia,705_1985,705,1985,,1.108352575,1.108352575,0.837816707,0.837816707,0.00334074,0.819459344,0.002525305,0.580507118
SVN_1986,SVN,Slovenia,705_1986,705,1986,,1.148578468,1.148578468,0.877429388,0.877429388,0.00651136,0.882697039,0.0049742,0.632232645
SVN_1987,SVN,Slovenia,705_1987,705,1987,,1.168043558,1.168043558,0.895761343,0.895761343,0.014534997,0.940165493,0.011146749,0.676320831
SVN_1988,SVN,Slovenia,705_1988,705,1988,,1.130917813,1.130917813,0.858429717,0.858429717,0.043351367,0.961801123,0.032906106,0.685568834
SVN_1989,SVN,Slovenia,705_1989,705,1989,,1.133759492,1.133759492,0.812555006,0.812555006,0.636598078,1.016405287,0.456243988,0.685095624
SVN_1990,SVN,Slovenia,705_1990,705,1990,,1,1,1,1,1,1,1,1
CZE_1970,CZE,Czechia,203_1970,203,1970,,0.551072145,0.551072145,0.517699625,0.517699625,0.466501894,0.282966141,0.438250886,0.262237777
CZE_1971,CZE,Czechia,203_1971,203,1971,,0.57886668,0.57886668,0.5443647,0.5443647,0.487809943,0.295890944,0.458735184,0.274495082
CZE_1972,CZE,Czechia,203_1972,203,1972,,0.609575021,0.609575021,0.569317945,0.569317945,0.513105814,0.339118236,0.479219682,0.312441187
CZE_1973,CZE,Czechia,203_1973,203,1973,,0.638502286,0.638502286,0.600781887,0.600781887,0.536330414,0.400717705,0.504645958,0.371945278
CZE_1974,CZE,Czechia,203_1974,203,1974,,0.676864751,0.676864751,0.632444179,0.632444179,0.576908983,0.429909238,0.539048203,0.396259826
CZE_1975,CZE,Czechia,203_1975,203,1975,,0.720232297,0.720232297,0.662591639,0.662591639,0.605785579,0.474134986,0.557304166,0.430284904
CZE_1976,CZE,Czechia,203_1976,203,1976,,0.747307647,0.747307647,0.697673219,0.697673219,0.618139883,0.4674415,0.577084476,0.430486784
CZE_1977,CZE,Czechia,203_1977,203,1977,,0.779905371,0.779905371,0.758503719,0.758503719,0.614869777,0.670108549,0.597996923,0.64289657
CZE_1978,CZE,Czechia,203_1978,203,1978,,0.811753092,0.811753092,0.787449974,0.787449974,0.648900982,0.738141886,0.629473501,0.706349615
CZE_1979,CZE,Czechia,203_1979,203,1979,,0.836090825,0.836090825,0.796674255,0.796674255,0.683153786,0.79322016,0.650947262,0.745593898
CZE_1980,CZE,Czechia,203_1980,203,1980,,0.860958194,0.860958194,0.797432488,0.797432488,0.723424728,0.8305582,0.670046913,0.75886199
CZE_1981,CZE,Czechia,203_1981,203,1981,,0.86014844,0.86014844,0.824667548,0.824667548,0.713449738,0.881909119,0.684020128,0.834081943
CZE_1982,CZE,Czechia,203_1982,203,1982,,0.861291462,0.861291462,0.816924744,0.816924744,0.744201436,0.88884015,0.705866242,0.831634897
CZE_1983,CZE,Czechia,203_1983,203,1983,,0.907766337,0.907766337,0.839929931,0.839929931,0.807104217,0.795834256,0.746790183,0.726744349
CZE_1984,CZE,Czechia,203_1984,203,1984,,0.909570708,0.909570708,0.842170491,0.842170491,0.808708501,0.797555541,0.748782287,0.728445473
CZE_1985,CZE,Czechia,203_1985,203,1985,,0.935730409,0.935730409,0.869463785,0.869463785,0.834883664,0.797750143,0.775758812,0.73120509
CZE_1986,CZE,Czechia,203_1986,203,1986,,0.960028941,0.960028941,0.892471476,0.892471476,0.856933972,0.936262063,0.796631325,0.858576779
CZE_1987,CZE,Czechia,203_1987,203,1987,,0.979291115,0.979291115,0.915366859,0.915366859,0.8782806,1.051025769,0.820949911,0.969102044
CZE_1988,CZE,Czechia,203_1988,203,1988,,1.004320885,1.004320885,0.938705422,0.938705422,0.910879039,1.038618927,0.851368428,0.957607279
CZE_1989,CZE,Czechia,203_1989,203,1989,,1.00818365,1.00818365,0.952538524,0.952538524,0.936035302,1.018323634,0.884372292,0.949083409
CZE_1990,CZE,Czechia,203_1990,203,1990,,1,1,1,1,1,1,1,1
SVK_1970,SVK,Slovakia,703_1970,703,1970,,0.551355807,0.551355807,0.517966109,0.517966109,0.466742024,0.283111796,0.438476473,0.262372763
SVK_1971,SVK,Slovakia,703_1971,703,1971,,0.579166614,0.579166614,0.544646757,0.544646757,0.488062696,0.296044257,0.458972873,0.274637309
SVK_1972,SVK,Slovakia,703_1972,703,1972,,0.609848121,0.609848121,0.569573009,0.569573009,0.513335694,0.339270167,0.47943438,0.312581166
SVK_1973,SVK,Slovakia,703_1973,703,1973,,0.63871734,0.63871734,0.600984235,0.600984235,0.536511055,0.40085267,0.504815927,0.372070553
SVK_1974,SVK,Slovakia,703_1974,703,1974,,0.677019762,0.677019762,0.632589017,0.632589017,0.577041102,0.430007693,0.539171652,0.396350575
SVK_1975,SVK,Slovakia,703_1975,703,1975,,0.720343059,0.720343059,0.662693537,0.662693537,0.60587874,0.474207901,0.557389872,0.430351076
SVK_1976,SVK,Slovakia,703_1976,703,1976,,0.747401827,0.747401827,0.697761144,0.697761144,0.618217784,0.46750041,0.577157204,0.430541036
SVK_1977,SVK,Slovakia,703_1977,703,1977,,0.780009426,0.780009426,0.758604918,0.758604918,0.614951812,0.670197954,0.598076708,0.642982345
SVK_1978,SVK,Slovakia,703_1978,703,1978,,0.811880485,0.811880485,0.787573553,0.787573553,0.649002817,0.738257727,0.629572288,0.706460466
SVK_1979,SVK,Slovakia,703_1979,703,1979,,0.836234379,0.836234379,0.796811042,0.796811042,0.683271081,0.793356353,0.651059028,0.745721914
SVK_1980,SVK,Slovakia,703_1980,703,1980,,0.861094113,0.861094113,0.797558378,0.797558378,0.723538934,0.83068932,0.670152693,0.758981791
SVK_1981,SVK,Slovakia,703_1981,703,1981,,0.860241029,0.860241029,0.824756318,0.824756318,0.713526536,0.88200405,0.684093758,0.834171726
SVK_1982,SVK,Slovakia,703_1982,703,1982,,0.861318317,0.861318317,0.816950215,0.816950215,0.74422464,0.888867863,0.705888251,0.831660827
SVK_1983,SVK,Slovakia,703_1983,703,1983,,0.914363513,0.914363513,0.846034107,0.846034107,0.812969832,0.801617967,0.752217467,0.73202595
SVK_1984,SVK,Slovakia,703_1984,703,1984,,0.909457991,0.909457991,0.842066126,0.842066126,0.808608283,0.797456705,0.748689495,0.728355201
SVK_1985,SVK,Slovakia,703_1985,703,1985,,0.935582826,0.935582826,0.869326653,0.869326653,0.834751986,0.797624321,0.775636459,0.731089764
SVK_1986,SVK,Slovakia,703_1986,703,1986,,0.959881818,0.959881818,0.892334706,0.892334706,0.856802648,0.936118582,0.796509242,0.858445203
SVK_1987,SVK,Slovakia,703_1987,703,1987,,0.979176964,0.979176964,0.915260158,0.915260158,0.878178223,1.050903256,0.820854217,0.96898908
SVK_1988,SVK,Slovakia,703_1988,703,1988,,1.004258237,1.004258237,0.938646868,0.938646868,0.910822221,1.03855414,0.851315322,0.957547545
SVK_1989,SVK,Slovakia,703_1989,703,1989,,1.008164734,1.008164734,0.952520652,0.952520652,0.93601774,1.018304528,0.884355699,0.949065602
SVK_1990,SVK,Slovakia,703_1990,703,1990,,1,1,1,1,1,1,1,1
UKR_1970,UKR,Ukraine,804_1970,804,1970,,0.397302492,0.397302492,0.443237024,0.443237024,0.382440218,0.550311841,0.380712818,0.502644844
UKR_1971,UKR,Ukraine,804_1971,804,1971,,0.418095344,0.418095344,0.4676985,0.4676985,0.402092393,0.578725394,0.401866712,0.530821036
UKR_1972,UKR,Ukraine,804_1972,804,1972,,0.430008765,0.430008765,0.492221764,0.492221764,0.416415492,0.655573523,0.423929685,0.612610972
UKR_1973,UKR,Ukraine,804_1973,804,1973,,0.463337573,0.463337573,0.516528467,0.516528467,0.448588547,0.785628936,0.44323934,0.712640495
UKR_1974,UKR,Ukraine,804_1974,804,1974,,0.485521808,0.485521808,0.544287546,0.544287546,0.467054969,0.78388948,0.46700274,0.719281521
UKR_1975,UKR,Ukraine,804_1975,804,1975,,0.498222811,0.498222811,0.574773419,0.574773419,0.486574344,0.871796138,0.49524234,0.813996449
UKR_1976,UKR,Ukraine,804_1976,804,1976,,0.528866302,0.528866302,0.598464781,0.598464781,0.513309618,0.874713577,0.518523739,0.810325832
UKR_1977,UKR,Ukraine,804_1977,804,1977,,0.55606075,0.55606075,0.623126236,0.623126236,0.535200766,0.937703534,0.541350751,0.869585272
UKR_1978,UKR,Ukraine,804_1978,804,1978,,0.584329923,0.584329923,0.648015239,0.648015239,0.56350326,1.066414578,0.56823101,0.985661777
UKR_1979,UKR,Ukraine,804_1979,804,1979,,0.603805846,0.603805846,0.671929434,0.671929434,0.579862171,1.143934571,0.597250655,1.079681864
UKR_1980,UKR,Ukraine,804_1980,804,1980,,0.633265648,0.633265648,0.718022715,0.718022715,0.608123605,1.192137926,0.638284666,1.14629584
UKR_1981,UKR,Ukraine,804_1981,804,1981,,0.666665825,0.666665825,0.745319425,0.745319425,0.639835375,1.149521625,0.675032828,1.110712804
UKR_1982,UKR,Ukraine,804_1982,804,1982,,0.717423734,0.717423734,0.748373041,0.748373041,0.686506117,1.216211972,0.696980808,1.130555954
UKR_1983,UKR,Ukraine,804_1983,804,1983,,0.777745518,0.777745518,0.794627693,0.794627693,0.744865821,1.183447439,0.743376087,1.081926794
UKR_1984,UKR,Ukraine,804_1984,804,1984,,0.780884157,0.780884157,0.798931544,0.798931544,0.747871772,1.187695656,0.74740235,1.086161785
UKR_1985,UKR,Ukraine,804_1985,804,1985,,0.791760834,0.791760834,0.814258666,0.814258666,0.760778534,1.156766764,0.765854519,1.065310365
UKR_1986,UKR,Ukraine,804_1986,804,1986,,0.803963051,0.803963051,0.819390067,0.819390067,0.781850373,1.077013841,0.782134762,0.985377925
UKR_1987,UKR,Ukraine,804_1987,804,1987,,0.820760589,0.820760589,0.831240288,0.831240288,0.80789589,1.012699891,0.805764372,0.923505864
UKR_1988,UKR,Ukraine,804_1988,804,1988,,0.863597665,0.863597665,0.864188803,0.864188803,0.857379108,0.99152181,0.853930699,0.902706634
UKR_1989,UKR,Ukraine,804_1989,804,1989,,0.922409015,0.922409015,0.908314375,0.908314375,0.922409015,0.98920788,0.926877826,0.908407963
UKR_1990,UKR,Ukraine,804_1990,804,1990,,1,1,1,1,1,1,1,1
UZB_1970,UZB,Uzbekistan,860_1970,860,1970,,0.404148478,0.404148478,0.450874515,0.450874515,0.389030109,0.559794357,0.387272944,0.511306001
UZB_1971,UZB,Uzbekistan,860_1971,860,1971,,0.424455519,0.424455519,0.474813251,0.474813251,0.408209128,0.587529115,0.407980013,0.538896024
UZB_1972,UZB,Uzbekistan,860_1972,860,1972,,0.434767263,0.434767263,0.497668714,0.497668714,0.421023565,0.662828131,0.428620911,0.619390154
UZB_1973,UZB,Uzbekistan,860_1973,860,1973,,0.46616988,0.46616988,0.519685921,0.519685921,0.451330695,0.790431357,0.445948789,0.716996749
UZB_1974,UZB,Uzbekistan,860_1974,860,1974,,0.486433861,0.486433861,0.54530999,0.54530999,0.467932331,0.785362016,0.467880004,0.720632691
UZB_1975,UZB,Uzbekistan,860_1975,860,1975,,0.497947769,0.497947769,0.574456118,0.574456118,0.486305732,0.871314866,0.494968943,0.813547085
UZB_1976,UZB,Uzbekistan,860_1976,860,1976,,0.528366011,0.528366011,0.597898652,0.597898652,0.512824043,0.873886125,0.518033231,0.809559289
UZB_1977,UZB,Uzbekistan,860_1977,860,1977,,0.556157218,0.556157218,0.623234339,0.623234339,0.535293615,0.937866212,0.541444667,0.869736132
UZB_1978,UZB,Uzbekistan,860_1978,860,1978,,0.585547732,0.585547732,0.649365775,0.649365775,0.564677664,1.068637105,0.569415267,0.987716007
UZB_1979,UZB,Uzbekistan,860_1979,860,1979,,0.606110157,0.606110157,0.674493726,0.674493726,0.582075105,1.148300182,0.59952995,1.083802266
UZB_1980,UZB,Uzbekistan,860_1980,860,1980,,0.636269797,0.636269797,0.721428943,0.721428943,0.611008483,1.197793309,0.641312625,1.151733753
UZB_1981,UZB,Uzbekistan,860_1981,860,1981,,0.669873047,0.669873047,0.748905037,0.748905037,0.64291352,1.155051789,0.678280302,1.116056264
UZB_1982,UZB,Uzbekistan,860_1982,860,1982,,0.720517136,0.720517136,0.75159989,0.75159989,0.689466208,1.221456059,0.699986064,1.135430708
UZB_1983,UZB,Uzbekistan,860_1983,860,1983,,0.797433467,0.797433467,0.814743,0.814743,0.763721449,1.213405378,0.762194004,1.109314827
UZB_1984,UZB,Uzbekistan,860_1984,860,1984,,0.782803561,0.782803561,0.800895309,0.800895309,0.749710032,1.190614999,0.749239457,1.088831559
UZB_1985,UZB,Uzbekistan,860_1985,860,1985,,0.793003509,0.793003509,0.815536652,0.815536652,0.761972582,1.158582319,0.767056534,1.066982378
UZB_1986,UZB,Uzbekistan,860_1986,860,1986,,0.804548611,0.804548611,0.819986863,0.819986863,0.782419827,1.077798275,0.782704423,0.986095617
UZB_1987,UZB,Uzbekistan,860_1987,860,1987,,0.820691983,0.820691983,0.831170807,0.831170807,0.80782836,1.012615242,0.80569702,0.923428671
UZB_1988,UZB,Uzbekistan,860_1988,860,1988,,0.863045765,0.863045765,0.863636525,0.863636525,0.856831183,0.990888158,0.853384977,0.902129741
UZB_1989,UZB,Uzbekistan,860_1989,860,1989,,0.921797388,0.921797388,0.907712093,0.907712093,0.921797388,0.98855196,0.926263235,0.907805619
UZB_1990,UZB,Uzbekistan,860_1990,860,1990,,1,1,1,1,1,1,1,1
BIH_1970,BIH,Bosnia and Herzegovina,70_1970,70,1970,,0.66491992,0.66491992,0.533681651,0.533681651,5.53E-05,0.178771879,4.44E-05,0.133270331
BIH_1971,BIH,Bosnia and Herzegovina,70_1971,70,1971,,0.713402043,0.713402043,0.563057495,0.563057495,7.03E-05,0.190688378,5.55E-05,0.139997494
BIH_1972,BIH,Bosnia and Herzegovina,70_1972,70,1972,,0.728633892,0.728633892,0.60151814,0.60151814,8.39E-05,0.198916718,6.93E-05,0.152824264
BIH_1973,BIH,Bosnia and Herzegovina,70_1973,70,1973,,0.738594162,0.738594162,0.604649883,0.604649883,0.000103036,0.255325465,8.44E-05,0.194728312
BIH_1974,BIH,Bosnia and Herzegovina,70_1974,70,1974,,0.836428234,0.836428234,0.65910792,0.65910792,0.000137736,0.348535792,0.000108536,0.256105413
BIH_1975,BIH,Bosnia and Herzegovina,70_1975,70,1975,,0.837363985,0.837363985,0.653626243,0.653626243,0.000167744,0.389446062,0.000130937,0.283450238
BIH_1976,BIH,Bosnia and Herzegovina,70_1976,70,1976,,0.855005989,0.855005989,0.671327834,0.671327834,0.000192533,0.426888341,0.000151172,0.313009717
BIH_1977,BIH,Bosnia and Herzegovina,70_1977,70,1977,,0.926714432,0.926714432,0.725232488,0.725232488,0.000235227,0.518443743,0.000184085,0.379003237
BIH_1978,BIH,Bosnia and Herzegovina,70_1978,70,1978,,1.007463917,1.007463917,0.802789949,0.802789949,0.000284343,0.616727292,0.000226577,0.458695504
BIH_1979,BIH,Bosnia and Herzegovina,70_1979,70,1979,,1.058158141,1.058158141,0.838368466,0.838368466,0.00036388,0.772475151,0.000288299,0.571937351
BIH_1980,BIH,Bosnia and Herzegovina,70_1980,70,1980,,1.106223648,1.106223648,0.86085337,0.86085337,0.000495362,0.809520648,0.000385486,0.588004043
BIH_1981,BIH,Bosnia and Herzegovina,70_1981,70,1981,,1.145074401,1.145074401,0.885548703,0.885548703,0.000707092,0.812289493,0.000546833,0.586272299
BIH_1982,BIH,Bosnia and Herzegovina,70_1982,70,1982,,1.159150457,1.159150457,0.903251394,0.903251394,0.000933391,0.742339381,0.000727331,0.540495834
BIH_1983,BIH,Bosnia and Herzegovina,70_1983,70,1983,,1.171573519,1.171573519,0.90562136,0.90562136,0.001985583,0.82273142,0.001534847,0.594126399
BIH_1984,BIH,Bosnia and Herzegovina,70_1984,70,1984,,1.159293611,1.159293611,0.896330412,0.896330412,0.001964771,0.815298156,0.001519101,0.588948647
BIH_1985,BIH,Bosnia and Herzegovina,70_1985,70,1985,,1.173472621,1.173472621,0.886959357,0.886959357,0.003537022,0.867561051,0.002673428,0.61278425
BIH_1986,BIH,Bosnia and Herzegovina,70_1986,70,1986,,1.212034294,1.212034294,0.925848393,0.925848393,0.006871095,0.931424164,0.00524869,0.665198542
BIH_1987,BIH,Bosnia and Herzegovina,70_1987,70,1987,,1.212324468,1.212324468,0.929627517,0.929627517,0.015086024,0.975764589,0.011568176,0.699924258
BIH_1988,BIH,Bosnia and Herzegovina,70_1988,70,1988,,1.1687756,1.1687756,0.887096195,0.887096195,0.044802566,0.993965848,0.034004976,0.70650675
BIH_1989,BIH,Bosnia and Herzegovina,70_1989,70,1989,,1.186970641,1.186970641,0.850765622,0.850765622,0.666475769,1.064104501,0.477698984,0.715245597
BIH_1990,BIH,Bosnia and Herzegovina,70_1990,70,1990,,1,1,1,1,1,1,1,1
HRV_1970,HRV,Croatia,191_1970,191,1970,,0.608791395,0.608791395,0.488631469,0.488631469,5.06E-05,0.163681036,4.06E-05,0.122020455
HRV_1971,HRV,Croatia,191_1971,191,1971,,0.665341978,0.665341978,0.525125756,0.525125756,6.56E-05,0.177842191,5.17E-05,0.130566222
HRV_1972,HRV,Croatia,191_1972,191,1972,,0.670196799,0.670196799,0.553275845,0.553275845,7.72E-05,0.182963418,6.37E-05,0.140567621
HRV_1973,HRV,Croatia,191_1973,191,1973,,0.682687468,0.682687468,0.558881885,0.558881885,9.52E-05,0.235999016,7.80E-05,0.179988666
HRV_1974,HRV,Croatia,191_1974,191,1974,,0.785836344,0.785836344,0.619241362,0.619241362,0.000129405,0.327454385,0.000101972,0.240614716
HRV_1975,HRV,Croatia,191_1975,191,1975,,0.784859156,0.784859156,0.612642233,0.612642233,0.000157226,0.365026814,0.000122727,0.265677194
HRV_1976,HRV,Croatia,191_1976,191,1976,,0.827879855,0.827879855,0.650029119,0.650029119,0.000186425,0.413344774,0.000146376,0.303079092
HRV_1977,HRV,Croatia,191_1977,191,1977,,0.902770669,0.902770669,0.706494467,0.706494467,0.000229149,0.505048577,0.000179329,0.369210831
HRV_1978,HRV,Croatia,191_1978,191,1978,,0.99170648,0.99170648,0.790233755,0.790233755,0.000279896,0.607081248,0.000223033,0.451521186
HRV_1979,HRV,Croatia,191_1979,191,1979,,1.029222444,1.029222444,0.815442993,0.815442993,0.00035393,0.751351553,0.000280415,0.556297528
HRV_1980,HRV,Croatia,191_1980,191,1980,,1.055173003,1.055173003,0.821126214,0.821126214,0.000472502,0.772162424,0.000367697,0.560868494
HRV_1981,HRV,Croatia,191_1981,191,1981,,1.071046539,1.071046539,0.828298906,0.828298906,0.000661379,0.759775827,0.000511481,0.548370409
HRV_1982,HRV,Croatia,191_1982,191,1982,,1.062462992,1.062462992,0.827909071,0.827909071,0.000855534,0.680419107,0.000666663,0.495411805
HRV_1983,HRV,Croatia,191_1983,191,1983,,1.057482082,1.057482082,0.817429164,0.817429164,0.001792221,0.742611301,0.001385379,0.536268541
HRV_1984,HRV,Croatia,191_1984,191,1984,,1.061024434,1.061024434,0.820351686,0.820351686,0.001798224,0.746188245,0.001390332,0.539025575
HRV_1985,HRV,Croatia,191_1985,191,1985,,1.070237229,1.070237229,0.808929759,0.808929759,0.003225855,0.791238005,0.002438235,0.558875006
HRV_1986,HRV,Croatia,191_1986,191,1986,,1.106723883,1.106723883,0.845403908,0.845403908,0.006274084,0.850495215,0.004792645,0.607401223
HRV_1987,HRV,Croatia,191_1987,191,1987,,1.13849495,1.13849495,0.873014,0.873014,0.014167298,0.916341364,0.010863684,0.657299472
HRV_1988,HRV,Croatia,191_1988,191,1988,,1.126132532,1.126132532,0.85473027,0.85473027,0.043167933,0.957700758,0.032764296,0.680729676
HRV_1989,HRV,Croatia,191_1989,191,1989,,1.118670938,1.118670938,0.801811555,0.801811555,0.62812596,1.002874662,0.450211616,0.674089514
HRV_1990,HRV,Croatia,191_1990,191,1990,,1,1,1,1,1,1,1,1
XKX_1970,XKX,Kosovo,412_1970,412,1970,0.606670391,0.541558739,0.541558739,0.434668828,0.434668828,4.50E-05,0.145604712,3.61E-05,0.10854497
XKX_1971,XKX,Kosovo,412_1971,412,1971,0.620418135,0.598179887,0.598179887,0.472117611,0.472117611,5.89E-05,0.159890139,4.65E-05,0.117386382
XKX_1972,XKX,Kosovo,412_1972,412,1972,0.635341634,0.612455274,0.612455274,0.50560777,0.50560777,7.05E-05,0.167200008,5.82E-05,0.128456867
XKX_1973,XKX,Kosovo,412_1973,412,1973,0.651381722,0.63303035,0.63303035,0.5182301,0.5182301,8.83E-05,0.218832989,7.23E-05,0.166896704
XKX_1974,XKX,Kosovo,412_1974,412,1974,0.668424518,0.727464802,0.727464802,0.573244414,0.573244414,0.000119793,0.303131232,9.44E-05,0.222741971
XKX_1975,XKX,Kosovo,412_1975,412,1975,0.686362428,0.72621273,0.72621273,0.56686424,0.56686424,0.000145478,0.337751197,0.000113556,0.245825202
XKX_1976,XKX,Kosovo,412_1976,412,1976,0.705145771,0.773503765,0.773503765,0.607334468,0.607334468,0.00017418,0.38619582,0.000136762,0.283172513
XKX_1977,XKX,Kosovo,412_1977,412,1977,0.724716231,0.841885015,0.841885015,0.658846288,0.658846288,0.000213695,0.470986534,0.000167234,0.344310108
XKX_1978,XKX,Kosovo,412_1978,412,1978,0.744930133,0.905477893,0.905477893,0.721523162,0.721523162,0.000255559,0.554295711,0.00020364,0.412261552
XKX_1979,XKX,Kosovo,412_1979,412,1979,0.765610848,0.96395262,0.96395262,0.763730343,0.763730343,0.000331485,0.703703366,0.000262632,0.52101901
XKX_1980,XKX,Kosovo,412_1980,412,1980,0.786601757,0.982669687,0.982669687,0.764704781,0.764704781,0.000440035,0.719105403,0.000342431,0.522329956
XKX_1981,XKX,Kosovo,412_1981,412,1981,0.807830078,1.008101731,1.008101731,0.779620241,0.779620241,0.00062251,0.715124225,0.000481421,0.516142985
XKX_1982,XKX,Kosovo,412_1982,412,1982,0.82924226,1.031009294,1.031009294,0.803399227,0.803399227,0.000830207,0.660275632,0.000646927,0.480745381
XKX_1983,XKX,Kosovo,412_1983,412,1983,0.850727423,1.025648492,1.025648492,0.792821933,0.792821933,0.001738269,0.720256327,0.001343675,0.520125144
XKX_1984,XKX,Kosovo,412_1984,412,1984,0.872170769,1.023780041,1.023780041,0.791555459,0.791555459,0.001735103,0.719995324,0.001341528,0.52010454
XKX_1985,XKX,Kosovo,412_1985,412,1985,0.893496872,1.033834352,1.033834352,0.781414952,0.781414952,0.003116131,0.764324963,0.002355301,0.539865521
XKX_1986,XKX,Kosovo,412_1986,412,1986,0.914381014,1.082937117,1.082937117,0.82723368,0.82723368,0.006139235,0.83221556,0.004689637,0.594346377
XKX_1987,XKX,Kosovo,412_1987,412,1987,0.934796327,1.102477681,1.102477681,0.845395449,0.845395449,0.013719103,0.887352115,0.010520002,0.636505237
XKX_1988,XKX,Kosovo,412_1988,412,1988,0.955336106,1.090922731,1.090922731,0.828006166,0.828006166,0.041818239,0.927757166,0.031739883,0.659445896
XKX_1989,XKX,Kosovo,412_1989,412,1989,0.976887762,1.132200066,1.132200066,0.811508608,0.811508608,0.635722471,1.015003358,0.455656444,0.682241906
XKX_1990,XKX,Kosovo,412_1990,412,1990,1,1,1,1,1,1,1,1,1
MNE_1970,MNE,Montenegro,499_1970,499,1970,,0.684613201,0.684613201,0.549487979,0.549487979,5.69E-05,0.184066659,4.57E-05,0.137217468
MNE_1971,MNE,Montenegro,499_1971,499,1971,,0.731513208,0.731513208,0.577351857,0.577351857,7.21E-05,0.195529391,5.69E-05,0.143551616
MNE_1972,MNE,Montenegro,499_1972,499,1972,,0.745591033,0.745591033,0.615516978,0.615516978,8.59E-05,0.203546009,7.09E-05,0.156380869
MNE_1973,MNE,Montenegro,499_1973,499,1973,,0.769292178,0.769292178,0.629780804,0.629780804,0.000107318,0.265937498,8.79E-05,0.202821759
MNE_1974,MNE,Montenegro,499_1974,499,1974,,0.85465261,0.85465261,0.673468783,0.673468783,0.000140737,0.356129806,0.000110901,0.261685523
MNE_1975,MNE,Montenegro,499_1975,499,1975,,0.861049792,0.861049792,0.672114816,0.672114816,0.000172489,0.400461994,0.000134641,0.291467955
MNE_1976,MNE,Montenegro,499_1976,499,1976,,0.902795038,0.902795038,0.708850517,0.708850517,0.000203295,0.45074851,0.000159622,0.330504842
MNE_1977,MNE,Montenegro,499_1977,499,1977,,0.957781603,0.957781603,0.749545179,0.749545179,0.000243113,0.535824049,0.000190256,0.39170894
MNE_1978,MNE,Montenegro,499_1978,499,1978,,1.050030708,1.050030708,0.836708972,0.836708972,0.000296357,0.642784902,0.00023615,0.478076045
MNE_1979,MNE,Montenegro,499_1979,499,1979,,1.093792969,1.093792969,0.866601596,0.866601596,0.000376134,0.798489239,0.000298008,0.591198072
MNE_1980,MNE,Montenegro,499_1980,499,1980,,1.106584341,1.106584341,0.861134059,0.861134059,0.000495523,0.809784599,0.000385612,0.588195767
MNE_1981,MNE,Montenegro,499_1981,499,1981,,1.131540591,1.131540591,0.875082267,0.875082267,0.000698735,0.802688919,0.00054037,0.579343057
MNE_1982,MNE,Montenegro,499_1982,499,1982,,1.119958169,1.119958169,0.872711364,0.872711364,0.000901832,0.717239982,0.000702739,0.522221011
MNE_1983,MNE,Montenegro,499_1983,499,1983,,1.095787283,1.095787283,0.847038921,0.847038921,0.001857141,0.769510929,0.001435562,0.555693811
MNE_1984,MNE,Montenegro,499_1984,499,1984,,1.099739283,1.099739283,0.850284825,0.850284825,0.001863838,0.773415295,0.001441063,0.558693637
MNE_1985,MNE,Montenegro,499_1985,499,1985,,1.089130273,1.089130273,0.823209907,0.823209907,0.003282801,0.805205838,0.002481278,0.568740902
MNE_1986,MNE,Montenegro,499_1986,499,1986,,1.161335957,1.161335957,0.887120963,0.887120963,0.006583683,0.892463504,0.005029142,0.637373867
MNE_1987,MNE,Montenegro,499_1987,499,1987,,1.167571716,1.167571716,0.895310474,0.895310474,0.014529126,0.939744405,0.011141139,0.674086672
MNE_1988,MNE,Montenegro,499_1988,499,1988,,1.1170951,1.1170951,0.847870894,0.847870894,0.042821502,0.950015023,0.032501356,0.675266688
MNE_1989,MNE,Montenegro,499_1989,499,1989,,1.16736318,1.16736318,0.836711901,0.836711901,0.655466315,1.046526654,0.469807917,0.703430519
MNE_1990,MNE,Montenegro,499_1990,499,1990,,1,1,1,1,1,1,1,1
MKD_1970,MKD,North Macedonia,807_1970,807,1970,,0.665558734,0.665558734,0.53419438,0.53419438,5.54E-05,0.178943632,4.44E-05,0.133398369
MKD_1971,MKD,North Macedonia,807_1971,807,1971,,0.695105226,0.695105226,0.548616605,0.548616605,6.85E-05,0.185797741,5.41E-05,0.13640694
MKD_1972,MKD,North Macedonia,807_1972,807,1972,,0.713421502,0.713421502,0.588959668,0.588959668,8.22E-05,0.194763742,6.78E-05,0.149633605
MKD_1973,MKD,North Macedonia,807_1973,807,1973,,0.692943578,0.692943578,0.567278046,0.567278046,9.67E-05,0.239544462,7.91E-05,0.182692661
MKD_1974,MKD,North Macedonia,807_1974,807,1974,,0.774027737,0.774027737,0.609936145,0.609936145,0.000127461,0.322533793,0.000100439,0.236999046
MKD_1975,MKD,North Macedonia,807_1975,807,1975,,0.771041042,0.771041042,0.601856145,0.601856145,0.000154458,0.358600206,0.000120566,0.260999721
MKD_1976,MKD,North Macedonia,807_1976,807,1976,,0.816160766,0.816160766,0.640827604,0.640827604,0.000183786,0.407493655,0.000144304,0.298788843
MKD_1977,MKD,North Macedonia,807_1977,807,1977,,0.904270365,0.904270365,0.707668106,0.707668106,0.00022953,0.505887571,0.000179627,0.36982417
MKD_1978,MKD,North Macedonia,807_1978,807,1978,,0.96940967,0.96940967,0.772466712,0.772466712,0.000273603,0.593432073,0.000218018,0.441369511
MKD_1979,MKD,North Macedonia,807_1979,807,1979,,0.944759693,0.944759693,0.748523972,0.748523972,0.000324885,0.689692171,0.000257403,0.510645181
MKD_1980,MKD,North Macedonia,807_1980,807,1980,,1.170296295,1.170296295,0.910714133,0.910714133,0.000524053,0.856408211,0.000407814,0.62206133
MKD_1981,MKD,North Macedonia,807_1981,807,1981,,1.12729957,1.12729957,0.871802453,0.871802453,0.000696116,0.799680436,0.000538344,0.577171675
MKD_1982,MKD,North Macedonia,807_1982,807,1982,,1.150486536,1.150486536,0.896500157,0.896500157,0.000926414,0.73679086,0.000721895,0.536455967
MKD_1983,MKD,North Macedonia,807_1983,807,1983,,1.148774341,1.148774341,0.887997692,0.887997692,0.001946943,0.806720815,0.001504979,0.582564519
MKD_1984,MKD,North Macedonia,807_1984,807,1984,,1.157909049,1.157909049,0.895259911,0.895259911,0.001962425,0.814324433,0.001517287,0.588245257
MKD_1985,MKD,North Macedonia,807_1985,807,1985,,1.165717353,1.165717353,0.881097603,0.881097603,0.003513646,0.861827497,0.00265576,0.60873447
MKD_1986,MKD,North Macedonia,807_1986,807,1986,,1.208002919,1.208002919,0.922768907,0.922768907,0.006848241,0.928326133,0.005231232,0.66298601
MKD_1987,MKD,North Macedonia,807_1987,807,1987,,1.1788989,1.1788989,0.903996319,0.903996319,0.01467008,0.948861324,0.011249224,0.680626317
MKD_1988,MKD,North Macedonia,807_1988,807,1988,,1.133594332,1.133594332,0.860393748,0.860393748,0.043453966,0.964046522,0.032981393,0.685240219
MKD_1989,MKD,North Macedonia,807_1989,807,1989,,1.145216754,1.145216754,0.820838368,0.820838368,0.643031251,1.026672658,0.460895039,0.690085511
MKD_1990,MKD,North Macedonia,807_1990,807,1990,,1,1,1,1,1,1,1,1
SRB_1970,SRB,Serbia,688_1970,688,1970,0.919267498,0.541558739,0.541558739,0.434668828,0.434668828,4.50E-05,0.145604712,3.61E-05,0.10854497
SRB_1971,SRB,Serbia,688_1971,688,1971,0.924732048,0.598179887,0.598179887,0.472117611,0.472117611,5.89E-05,0.159890139,4.65E-05,0.117386382
SRB_1972,SRB,Serbia,688_1972,688,1972,0.930488385,0.612455274,0.612455274,0.50560777,0.50560777,7.05E-05,0.167200008,5.82E-05,0.128456867
SRB_1973,SRB,Serbia,688_1973,688,1973,0.936460899,0.63303035,0.63303035,0.5182301,0.5182301,8.83E-05,0.218832989,7.23E-05,0.166896704
SRB_1974,SRB,Serbia,688_1974,688,1974,0.942533821,0.727464802,0.727464802,0.573244414,0.573244414,0.000119793,0.303131232,9.44E-05,0.222741971
SRB_1975,SRB,Serbia,688_1975,688,1975,0.948606325,0.72621273,0.72621273,0.56686424,0.56686424,0.000145478,0.337751197,0.000113556,0.245825202
SRB_1976,SRB,Serbia,688_1976,688,1976,0.954663199,0.773503765,0.773503765,0.607334468,0.607334468,0.00017418,0.38619582,0.000136762,0.283172513
SRB_1977,SRB,Serbia,688_1977,688,1977,0.96067954,0.841885015,0.841885015,0.658846288,0.658846288,0.000213695,0.470986534,0.000167234,0.344310108
SRB_1978,SRB,Serbia,688_1978,688,1978,0.96652318,0.905477893,0.905477893,0.721523162,0.721523162,0.000255559,0.554295711,0.00020364,0.412261552
SRB_1979,SRB,Serbia,688_1979,688,1979,0.972033643,0.96395262,0.96395262,0.763730343,0.763730343,0.000331485,0.703703366,0.000262632,0.52101901
SRB_1980,SRB,Serbia,688_1980,688,1980,0.977092466,0.982669687,0.982669687,0.764704781,0.764704781,0.000440035,0.719105403,0.000342431,0.522329956
SRB_1981,SRB,Serbia,688_1981,688,1981,0.981697602,1.008101731,1.008101731,0.779620241,0.779620241,0.00062251,0.715124225,0.000481421,0.516142985
SRB_1982,SRB,Serbia,688_1982,688,1982,0.985867866,1.031009294,1.031009294,0.803399227,0.803399227,0.000830207,0.660275632,0.000646927,0.480745381
SRB_1983,SRB,Serbia,688_1983,688,1983,0.98953087,1.025648492,1.025648492,0.792821933,0.792821933,0.001738269,0.720256327,0.001343675,0.520125144
SRB_1984,SRB,Serbia,688_1984,688,1984,0.992613122,1.023780041,1.023780041,0.791555459,0.791555459,0.001735103,0.719995324,0.001341528,0.52010454
SRB_1985,SRB,Serbia,688_1985,688,1985,0.995095226,1.033834352,1.033834352,0.781414952,0.781414952,0.003116131,0.764324963,0.002355301,0.539865521
SRB_1986,SRB,Serbia,688_1986,688,1986,0.996691781,1.082937117,1.082937117,0.82723368,0.82723368,0.006139235,0.83221556,0.004689637,0.594346377
SRB_1987,SRB,Serbia,688_1987,688,1987,0.997463347,1.102477681,1.102477681,0.845395449,0.845395449,0.013719103,0.887352115,0.010520002,0.636505237
SRB_1988,SRB,Serbia,688_1988,688,1988,0.998117706,1.090922731,1.090922731,0.828006166,0.828006166,0.041818239,0.927757166,0.031739883,0.659445896
SRB_1989,SRB,Serbia,688_1989,688,1989,0.99960931,1.132200066,1.132200066,0.811508608,0.811508608,0.635722471,1.015003358,0.455656444,0.682241906
SRB_1990,SRB,Serbia,688_1990,688,1990,1.002478754,1,1,1,1,1,1,1,1
SVN_1991,SVN,Serbia,688_1991,705,1991,1.007227865,,,,,,,,
SVN_1992,SVN,Serbia,688_1992,705,1992,1.008203145,,,,,,,,
SVN_1993,SVN,Serbia,688_1993,705,1993,1.009461698,,,,,,,,
SVN_1994,SVN,Serbia,688_1994,705,1994,1.010630204,,,,,,,,
SVN_1995,SVN,Serbia,688_1995,705,1995,1.011652431,,,,,,,,
SVN_1996,SVN,Serbia,688_1996,705,1996,1.011390774,,,,,,,,
SVN_1997,SVN,Serbia,688_1997,705,1997,1.00899488,,,,,,,,
SVN_1998,SVN,Serbia,688_1998,705,1998,1.005717203,,,,,,,,
SVN_1999,SVN,Serbia,688_1999,705,1999,1,,,,,,,,
SVN_1970,SVN,Slovenia,705_1970,705,1970,,0.609347716,0.609347716,0.489077986,0.489077986,5.07E-05,0.16383061,4.07E-05,0.122131959
SVN_1971,SVN,Slovenia,705_1971,705,1971,,0.660223982,0.660223982,0.521086342,0.521086342,6.51E-05,0.176474179,5.14E-05,0.12956187
SVN_1972,SVN,Slovenia,705_1972,705,1972,,0.679215213,0.679215213,0.560720928,0.560720928,7.82E-05,0.185425441,6.46E-05,0.14245915
SVN_1973,SVN,Slovenia,705_1973,705,1973,,0.706406252,0.706406252,0.578299261,0.578299261,9.85E-05,0.24419839,8.07E-05,0.186242058
SVN_1974,SVN,Slovenia,705_1974,705,1974,,0.818302773,0.818302773,0.644825003,0.644825003,0.000134751,0.340982996,0.000106185,0.25055559
SVN_1975,SVN,Slovenia,705_1975,705,1975,,0.835794593,0.835794593,0.652401213,0.652401213,0.00016743,0.38871616,0.000130692,0.282918994
SVN_1976,SVN,Slovenia,705_1976,705,1976,,0.862299156,0.862299156,0.677054234,0.677054234,0.000194176,0.430529682,0.000152462,0.315679677
SVN_1977,SVN,Slovenia,705_1977,705,1977,,0.927260121,0.927260121,0.725659536,0.725659536,0.000235365,0.518749025,0.000184193,0.379226411
SVN_1978,SVN,Slovenia,705_1978,705,1978,,1.023610356,1.023610356,0.815656115,0.815656115,0.0002889,0.626611467,0.000230208,0.466046932
SVN_1979,SVN,Slovenia,705_1979,705,1979,,1.075037762,1.075037762,0.851742027,0.851742027,0.000369685,0.784797588,0.000292898,0.581060831
SVN_1980,SVN,Slovenia,705_1980,705,1980,,1.075732729,1.075732729,0.837125609,0.837125609,0.000481708,0.787207775,0.000374861,0.571796847
SVN_1981,SVN,Slovenia,705_1981,705,1981,,1.069210538,1.069210538,0.826879026,0.826879026,0.000660245,0.75847341,0.000510604,0.547430385
SVN_1982,SVN,Slovenia,705_1982,705,1982,,1.064890824,1.064890824,0.829800924,0.829800924,0.000857489,0.681973932,6.68E-04,0.496543869
SVN_1983,SVN,Slovenia,705_1983,705,1983,,1.092292567,1.092292567,0.84433752,0.84433752,0.001851218,0.767056783,1.43E-03,0.553921576
SVN_1984,SVN,Slovenia,705_1984,705,1984,,1.089305217,1.089305217,0.842217524,0.842217524,0.001846155,0.766077313,1.43E-03,0.553392884
SVN_1985,SVN,Slovenia,705_1985,705,1985,,1.108407113,1.108407113,0.837780143,0.837780143,0.003340904,0.819457415,2.53E-03,0.578807216
SVN_1986,SVN,Slovenia,705_1986,705,1986,,1.148625688,1.148625688,0.877411846,0.877411846,0.006511627,0.882695916,0.0049741,0.630398114
SVN_1987,SVN,Slovenia,705_1987,705,1987,,1.168091134,1.168091134,0.895708771,0.895708771,0.014535589,0.940162469,0.011146095,0.674386553
SVN_1988,SVN,Slovenia,705_1988,705,1988,,1.130951825,1.130951825,0.858388095,0.858388095,0.043352671,0.961799246,0.032904511,0.683642864
SVN_1989,SVN,Slovenia,705_1989,705,1989,,1.133762792,1.133762792,0.812628698,0.812628698,0.636599931,1.016404322,0.456285366,0.683183574
SVN_1990,SVN,Slovenia,705_1990,705,1990,,1,1,1,1,1,1,1,1
CZE_1970,CZE,Czechia,203_1970,203,1970,,0.551072145,0.551072145,0.517699625,0.517699625,0.466501894,0.282966141,0.438250886,0.262237777
CZE_1971,CZE,Czechia,203_1971,203,1971,,0.57886668,0.57886668,0.5443647,0.5443647,0.487809943,0.295890944,0.458735184,0.274495082
CZE_1972,CZE,Czechia,203_1972,203,1972,,0.609575021,0.609575021,0.569317945,0.569317945,0.513105814,0.339118236,0.479219682,0.312441187
CZE_1973,CZE,Czechia,203_1973,203,1973,,0.638502286,0.638502286,0.600781887,0.600781887,0.536330414,0.400717705,0.504645958,0.371945278
CZE_1974,CZE,Czechia,203_1974,203,1974,,0.676864751,0.676864751,0.632444179,0.632444179,0.576908983,0.429909238,0.539048203,0.396259826
CZE_1975,CZE,Czechia,203_1975,203,1975,,0.720232297,0.720232297,0.662591639,0.662591639,0.605785579,0.474134986,0.557304166,0.430284904
CZE_1976,CZE,Czechia,203_1976,203,1976,,0.747307647,0.747307647,0.697673219,0.697673219,0.618139883,0.4674415,0.577084476,0.430486784
CZE_1977,CZE,Czechia,203_1977,203,1977,,0.779905371,0.779905371,0.758503719,0.758503719,0.614869777,0.670108549,0.597996923,0.64289657
CZE_1978,CZE,Czechia,203_1978,203,1978,,0.811753092,0.811753092,0.787449974,0.787449974,0.648900982,0.738141886,0.629473501,0.706349615
CZE_1979,CZE,Czechia,203_1979,203,1979,,0.836090825,0.836090825,0.796674255,0.796674255,0.683153786,0.79322016,0.650947262,0.745593898
CZE_1980,CZE,Czechia,203_1980,203,1980,,0.860958194,0.860958194,0.797432488,0.797432488,0.723424728,0.8305582,0.670046913,0.75886199
CZE_1981,CZE,Czechia,203_1981,203,1981,,0.86014844,0.86014844,0.824667548,0.824667548,0.713449738,0.881909119,0.684020128,0.834081943
CZE_1982,CZE,Czechia,203_1982,203,1982,,0.861291462,0.861291462,0.816924744,0.816924744,0.744201436,0.88884015,0.705866242,0.831634897
CZE_1983,CZE,Czechia,203_1983,203,1983,,0.907766337,0.907766337,0.839929931,0.839929931,0.807104217,0.795834256,0.746790183,0.726744349
CZE_1984,CZE,Czechia,203_1984,203,1984,,0.909570708,0.909570708,0.842170491,0.842170491,0.808708501,0.797555541,0.748782287,0.728445473
CZE_1985,CZE,Czechia,203_1985,203,1985,,0.935730409,0.935730409,0.869463785,0.869463785,0.834883664,0.797750143,0.775758812,0.73120509
CZE_1986,CZE,Czechia,203_1986,203,1986,,0.960028941,0.960028941,0.892471476,0.892471476,0.856933972,0.936262063,0.796631325,0.858576779
CZE_1987,CZE,Czechia,203_1987,203,1987,,0.979291115,0.979291115,0.915366859,0.915366859,0.8782806,1.051025769,0.820949911,0.969102044
CZE_1988,CZE,Czechia,203_1988,203,1988,,1.004320885,1.004320885,0.938705422,0.938705422,0.910879039,1.038618927,0.851368428,0.957607279
CZE_1989,CZE,Czechia,203_1989,203,1989,,1.00818365,1.00818365,0.952538524,0.952538524,0.936035302,1.018323634,0.884372292,0.949083409
CZE_1990,CZE,Czechia,203_1990,203,1990,,1,1,1,1,1,1,1,1
SVK_1970,SVK,Slovakia,703_1970,703,1970,,0.551355807,0.551355807,0.517966109,0.517966109,0.466742024,0.283111796,4.38E-01,0.262372763
SVK_1971,SVK,Slovakia,703_1971,703,1971,,0.579166614,0.579166614,0.544646757,0.544646757,0.488062696,0.296044257,4.59E-01,0.274637309
SVK_1972,SVK,Slovakia,703_1972,703,1972,,0.609848121,0.609848121,0.569573009,0.569573009,0.513335694,0.339270167,4.79E-01,0.312581166
SVK_1973,SVK,Slovakia,703_1973,703,1973,,0.63871734,0.63871734,0.600984235,0.600984235,0.536511055,0.40085267,5.05E-01,0.372070553
SVK_1974,SVK,Slovakia,703_1974,703,1974,,0.677019762,0.677019762,0.632589017,0.632589017,0.577041102,0.430007693,0.539171652,0.396350575
SVK_1975,SVK,Slovakia,703_1975,703,1975,,0.720343059,0.720343059,0.662693537,0.662693537,0.60587874,0.474207901,0.557389872,0.430351076
SVK_1976,SVK,Slovakia,703_1976,703,1976,,0.747401827,0.747401827,0.697761144,0.697761144,0.618217784,0.46750041,0.577157204,0.430541036
SVK_1977,SVK,Slovakia,703_1977,703,1977,,0.780009426,0.780009426,0.758604918,0.758604918,0.614951812,0.670197954,0.598076708,0.642982345
SVK_1978,SVK,Slovakia,703_1978,703,1978,,0.811880485,0.811880485,0.787573553,0.787573553,0.649002817,0.738257727,0.629572288,0.706460466
SVK_1979,SVK,Slovakia,703_1979,703,1979,,0.836234379,0.836234379,0.796811042,0.796811042,0.683271081,0.793356353,0.651059028,0.745721914
SVK_1980,SVK,Slovakia,703_1980,703,1980,,0.861094113,0.861094113,0.797558378,0.797558378,0.723538934,0.83068932,0.670152693,0.758981791
SVK_1981,SVK,Slovakia,703_1981,703,1981,,0.860241029,0.860241029,0.824756318,0.824756318,0.713526536,0.88200405,0.684093758,0.834171726
SVK_1982,SVK,Slovakia,703_1982,703,1982,,0.861318317,0.861318317,0.816950215,0.816950215,0.74422464,0.888867863,0.705888251,0.831660827
SVK_1983,SVK,Slovakia,703_1983,703,1983,,0.914363513,0.914363513,0.846034107,0.846034107,0.812969832,0.801617967,0.752217467,0.73202595
SVK_1984,SVK,Slovakia,703_1984,703,1984,,0.909457991,0.909457991,0.842066126,0.842066126,0.808608283,0.797456705,0.748689495,0.728355201
SVK_1985,SVK,Slovakia,703_1985,703,1985,,0.935582826,0.935582826,0.869326653,0.869326653,0.834751986,0.797624321,0.775636459,0.731089764
SVK_1986,SVK,Slovakia,703_1986,703,1986,,0.959881818,0.959881818,0.892334706,0.892334706,0.856802648,0.936118582,0.796509242,0.858445203
SVK_1987,SVK,Slovakia,703_1987,703,1987,,0.979176964,0.979176964,0.915260158,0.915260158,0.878178223,1.050903256,0.820854217,0.96898908
SVK_1988,SVK,Slovakia,703_1988,703,1988,,1.004258237,1.004258237,0.938646868,0.938646868,0.910822221,1.03855414,0.851315322,0.957547545
SVK_1989,SVK,Slovakia,703_1989,703,1989,,1.008164734,1.008164734,0.952520652,0.952520652,0.93601774,1.018304528,0.884355699,0.949065602
SVK_1990,SVK,Slovakia,703_1990,703,1990,,1,1,1,1,1,1,1,1
